PRAGMA foreign_keys=OFF;
BEGIN TRANSACTION;
CREATE TABLE users (
    id INTEGER PRIMARY KEY AUTOINCREMENT,
    username VARCHAR(50) UNIQUE NOT NULL,
    password_hash VARCHAR(255) NOT NULL,
    email VARCHAR(100) UNIQUE,
    phone VARCHAR(20),
    avatar_url VARCHAR(255),
    status INTEGER DEFAULT 1,
    created_at DATETIME DEFAULT CURRENT_TIMESTAMP,
    updated_at DATETIME DEFAULT CURRENT_TIMESTAMP
);
INSERT INTO users VALUES(1,'admin','.Ye4oKoEa3Ro9llC/.og/at2.uheWG/igi','admin@example.com',NULL,NULL,1,'2025-10-08 12:08:27','2025-10-08 12:08:27');
INSERT INTO users VALUES(2,'testuser_1759926146412','$2b$10$GeXsdCRPh32JNCu4QWAK/ebGaaPoWV7j3mFhEQ14VK9KaNFBjs5f6','test@example.com','13800138000',NULL,1,'2025-10-08 12:22:26','2025-10-08 12:22:26');
INSERT INTO users VALUES(3,'quicktest_1759926257506','$2b$10$sXsgXBM1MZJSTuxRzwH.ye.xs3O9b/8SyS0pkmMATmq6/5lPo0g4y','quick@test.com',NULL,NULL,1,'2025-10-08 12:24:17','2025-10-08 12:24:17');
INSERT INTO users VALUES(4,'hhh','$2b$10$JdBJitOkXLPbDFwSUasjU.9Q9H3p5459sOohvneYC5AAQCT0cc0JK','jjj@qq.com','13100000000',NULL,1,'2025-10-08 12:25:21','2025-10-08 12:25:21');
INSERT INTO users VALUES(5,'shoptest_1759926779665_czwm4s','$2b$10$DyJc1sYJVpb0ippnSwNte.D63pgbZ9AWQuhgwU8BGLZFma63.ZpYa','test1759926779665@example.com',NULL,NULL,1,'2025-10-08 12:32:59','2025-10-08 12:32:59');
INSERT INTO users VALUES(6,'shoptest_1759926797528_uk3xqs','$2b$10$ZP9O6YrkwvZJXd3b.F6S5.3sjVKNGXTyBubM9EVTdYjgZBwz0mXzO','test1759926797528@example.com',NULL,NULL,1,'2025-10-08 12:33:17','2025-10-08 12:33:17');
INSERT INTO users VALUES(7,'urltest_1759927247832_2nc7r','$2b$10$S8sydsoHcR0RZwgtsbgex.wEj94l.vNoHkfHhdQ6.bQXhomuP06lC','urltest1759927247832@example.com',NULL,NULL,1,'2025-10-08 12:40:47','2025-10-08 12:40:47');
INSERT INTO users VALUES(8,'shopowner_1759927933964','$2b$10$XpSop9rnB254N8hlOb6F3enhp17VUIAsFZl2GpEfEZpQDkBobHs1e','shopowner1759927933964@example.com',NULL,NULL,1,'2025-10-08 12:52:14','2025-10-08 12:52:14');
INSERT INTO users VALUES(9,'ggg','$2b$10$1Wb08.4EzDQdlSxk6gwoHOinUXYUOmTmflzoQrSpNpdFxtOix2Qkm','ggg@qq.com','13100000000',NULL,1,'2025-10-08 12:59:34','2025-10-08 12:59:34');
INSERT INTO users VALUES(10,'demo_owner','$2b$12$qzXsF1ibDVTwho7clevUPuqfjltYG6xcA2/CL.xH5p4JnxXTiO0NO','owner@example.com',NULL,NULL,1,'2025-10-08 18:27:16','2025-10-08 18:27:16');
INSERT INTO users VALUES(11,'123qwe','$2b$12$qJ9oW.aNyQVmArWqRdOoPeUgKMpdWEapnRcM2gMrjzaJsQIIXz1li',NULL,NULL,NULL,1,'2025-10-09 09:14:01','2025-10-14 19:33:33.611457300');
INSERT INTO users VALUES(12,'jkl','$2b$12$iP.hpOkzIod7fUGCG2e4G.ZhXzOSool9yMSDDYpY1O/TLcMZqTafO','jkl@qq.com','13100000000',NULL,1,'2025-10-09 10:55:37','2025-10-09 10:55:37');
INSERT INTO users VALUES(13,'zxc','$2b$12$9XQLO72I/CvyGaoUXhVTQ.JxvwjHiOB5toSR2sfBMY.lDylnewScG','qwe@qq.com','13100000000',NULL,1,'2025-10-09 11:01:22','2025-10-09 11:01:22');
INSERT INTO users VALUES(14,'testuser','.Ye4oKoEa3Ro9llC/.og/at2.uheWG/igi','test@test.com',NULL,NULL,1,'2025-10-12 08:58:59','2025-10-12 08:58:59');
INSERT INTO users VALUES(15,'XXX','$2b$12$WMMDNiRj8wzCnt1s.oggku/RjWF5LguCrRlCaXoprYdhd8nNZ/CeC','jkl99999@qq.com','13100000000',NULL,1,'2025-10-12 10:20:46','2025-10-12 11:02:36');
INSERT INTO users VALUES(16,'HHH','$2b$12$zER8Jrswk1H9XOUxMs0e6e47s52ibu9j1OjfQmU7TVbGr2aot7UnW',NULL,NULL,NULL,1,'2025-10-12 11:26:23','2025-10-12 11:26:23');
INSERT INTO users VALUES(17,'WWW','$2b$12$lOLSD2fxD1pmYM3pvWdVleeHVjiqw4/AWV.j1Jl/ZogvwSHO270z2',NULL,NULL,NULL,1,'2025-10-12 11:32:12','2025-10-12 11:32:12');
INSERT INTO users VALUES(18,'testuser12','$2b$12$Wp1bdxko2N4H7FFBJaJV7e9vyWdmh6utiFo.DMTglPukJRGOP8NpS','test12@example.com','13800138011',NULL,1,'2025-10-14 10:51:31.220935500','2025-10-14 10:51:47.006777500');
CREATE TABLE shops (
    id INTEGER PRIMARY KEY AUTOINCREMENT,
    owner_id INTEGER NOT NULL,
    shop_name VARCHAR(100) NOT NULL,
    shop_url VARCHAR(255),
    api_key VARCHAR(64) UNIQUE NOT NULL,
    status INTEGER DEFAULT 1,
    created_at DATETIME DEFAULT CURRENT_TIMESTAMP,
    updated_at DATETIME DEFAULT CURRENT_TIMESTAMP, contact_phone VARCHAR(20), contact_email VARCHAR(100), description TEXT, logo_url VARCHAR(255), website_url VARCHAR(255), settings TEXT, slug VARCHAR(100), is_active BOOLEAN DEFAULT 1,
    FOREIGN KEY (owner_id) REFERENCES users(id)
);
INSERT INTO shops VALUES(1,1,'绀轰緥搴楅摵','https://example.com','test-api-key-123',1,'2025-10-08 12:08:33','2025-10-08 12:08:33',NULL,NULL,NULL,NULL,'https://example.com',NULL,'绀轰緥搴楅摵',1);
INSERT INTO shops VALUES(2,5,'娴嬭瘯搴楅摵','https://test-shop.com','450b7673-57dc-4b91-8dfe-47c9f522de52',1,'2025-10-08 12:32:59','2025-10-08 12:32:59',NULL,NULL,NULL,NULL,'https://test-shop.com',NULL,'娴嬭瘯搴楅摵',1);
INSERT INTO shops VALUES(3,5,'娴嬭瘯搴楅摵','https://test-shop.com','96385321-dd91-4b52-b730-bcf3588d9e16',1,'2025-10-08 12:32:59','2025-10-08 12:32:59',NULL,NULL,NULL,NULL,'https://test-shop.com',NULL,'娴嬭瘯搴楅摵',1);
INSERT INTO shops VALUES(4,5,'娴嬭瘯搴楅摵2','鏃犳晥鐨刄RL','c514e4ae-89fe-4f03-be5e-532f9e8fdd4e',1,'2025-10-08 12:32:59','2025-10-08 12:32:59',NULL,NULL,NULL,NULL,'鏃犳晥鐨刄RL',NULL,'娴嬭瘯搴楅摵2',1);
INSERT INTO shops VALUES(5,6,'娴嬭瘯搴楅摵','https://test-shop.com','5e58221a-6572-492c-aed7-cc01a67efe8b',1,'2025-10-08 12:33:17','2025-10-08 12:33:17',NULL,NULL,NULL,NULL,'https://test-shop.com',NULL,'娴嬭瘯搴楅摵',1);
INSERT INTO shops VALUES(6,6,'娴嬭瘯搴楅摵','https://test-shop.com','3514030e-7ad6-409a-b476-0fcf3eb3ecda',1,'2025-10-08 12:33:17','2025-10-08 12:33:17',NULL,NULL,NULL,NULL,'https://test-shop.com',NULL,'娴嬭瘯搴楅摵',1);
INSERT INTO shops VALUES(7,6,'娴嬭瘯搴楅摵2','鏃犳晥鐨刄RL','0d087a90-77f2-436b-b9ee-1957f99ce4cb',1,'2025-10-08 12:33:17','2025-10-08 12:33:17',NULL,NULL,NULL,NULL,'鏃犳晥鐨刄RL',NULL,'娴嬭瘯搴楅摵2',1);
INSERT INTO shops VALUES(8,7,'娴嬭瘯搴楅摵1','example.com','1da8507c-2fe7-40d1-b85b-551d34f6b8d5',1,'2025-10-08 12:40:47','2025-10-08 12:40:47',NULL,NULL,NULL,NULL,'example.com',NULL,'娴嬭瘯搴楅摵1',1);
INSERT INTO shops VALUES(9,7,'娴嬭瘯搴楅摵2','www.myshop.com','3e70555d-0236-422f-92bb-3458240c9c25',1,'2025-10-08 12:40:47','2025-10-08 12:40:47',NULL,NULL,NULL,NULL,'www.myshop.com',NULL,'娴嬭瘯搴楅摵2',1);
INSERT INTO shops VALUES(10,7,'娴嬭瘯搴楅摵3','https://secure-shop.com','45856270-8d6e-4fea-9f10-aed5596d6ee9',1,'2025-10-08 12:40:47','2025-10-08 12:40:47',NULL,NULL,NULL,NULL,'https://secure-shop.com',NULL,'娴嬭瘯搴楅摵3',1);
INSERT INTO shops VALUES(11,7,'娴嬭瘯搴楅摵4','shop.domain.co.uk','67097c3f-03ff-480e-8e06-395b2638986e',1,'2025-10-08 12:40:47','2025-10-08 12:40:47',NULL,NULL,NULL,NULL,'shop.domain.co.uk',NULL,'娴嬭瘯搴楅摵4',1);
INSERT INTO shops VALUES(12,7,'娴嬭瘯搴楅摵6',NULL,'432efc0c-db48-433e-bad7-b045a233992f',1,'2025-10-08 12:40:47','2025-10-08 12:40:47',NULL,NULL,NULL,NULL,NULL,NULL,'娴嬭瘯搴楅摵6',1);
INSERT INTO shops VALUES(13,7,'娴嬭瘯搴楅摵7','my-store-123.com/products','25050177-aefd-48bb-8f5d-19c0d32b5fd0',1,'2025-10-08 12:40:47','2025-10-08 12:40:47',NULL,NULL,NULL,NULL,'my-store-123.com/products',NULL,'娴嬭瘯搴楅摵7',1);
INSERT INTO shops VALUES(14,4,'鍟婂疄鎵撳疄鐨?,'asdasdas.com','9103c02b-f185-4774-ae64-a528c8c0d074',1,'2025-10-08 12:48:27','2025-10-08 12:48:27',NULL,NULL,NULL,NULL,'asdasdas.com',NULL,'鍟婂疄鎵撳疄鐨?,1);
INSERT INTO shops VALUES(15,8,'娴嬭瘯搴楅摵-鏈娑堟伅','https://test.com','002babb1-4ff5-4d9f-a7f3-eef124274a58',1,'2025-10-08 12:52:14','2025-10-08 12:52:14',NULL,NULL,NULL,NULL,'https://test.com',NULL,'娴嬭瘯搴楅摵-鏈娑堟伅',1);
INSERT INTO shops VALUES(16,10,'Demo Shop','https://demo.local','6ef66b24-d33c-4b50-a365-b1d609fb4d45',1,'2025-10-08 18:28:07','2025-10-08 18:28:07',NULL,NULL,NULL,NULL,'https://demo.local',NULL,'demo-shop',1);
INSERT INTO shops VALUES(17,2,'test-api-key-123qwe','http://localhost.com','a53459ad-5018-4234-8d9f-d30b7ad3a692',1,'2025-10-09 09:15:35','2025-10-09 09:15:35',NULL,NULL,NULL,NULL,'http://localhost.com',NULL,'test-api-key-123qwe',1);
INSERT INTO shops VALUES(18,12,'鐖辩柉鎵嬫満缃?,'aifeng.com','bf54693d-ac11-45bb-a306-0e65cde7ee93',1,'2025-10-09 10:56:21','2025-10-09 10:56:21',NULL,NULL,NULL,NULL,'aifeng.com',NULL,'鐖辩柉鎵嬫満缃?,1);
INSERT INTO shops VALUES(19,12,'榛勫ぇ浠?,'bbs16.929991.xyz','ff336fb4-b61a-48ed-a41d-0c12959a1b66',1,'2025-10-09 12:07:31','2025-10-09 12:07:31',NULL,NULL,NULL,NULL,'bbs16.929991.xyz',NULL,'榛勫ぇ浠?,1);
INSERT INTO shops VALUES(20,11,'bbs16.929991.xyz','bbs16.929991.xyz','69222d96-41aa-4003-a0ca-41b61e0f7a64',1,'2025-10-09 15:23:45','2025-10-09 15:23:45',NULL,NULL,NULL,NULL,'bbs16.929991.xyz',NULL,'bbs16.929991.xyz',1);
INSERT INTO shops VALUES(21,15,'鐖辩柉鎵嬫満澶╃綉','aifeng8888888.com','4f1c20b7-6945-45df-ac28-ed40eab62dd5',1,'2025-10-12 11:25:06','2025-10-12 11:25:06',NULL,NULL,NULL,NULL,'aifeng8888888.com',NULL,'鐖辩柉鎵嬫満澶╃綉',1);
CREATE TABLE customers (
    id INTEGER PRIMARY KEY AUTOINCREMENT,
    shop_id INTEGER NOT NULL,
    customer_id VARCHAR(100) NOT NULL,
    customer_name VARCHAR(100),
    customer_email VARCHAR(100),
    customer_avatar VARCHAR(255),
    ip_address VARCHAR(45),
    user_agent TEXT,
    first_visit_at DATETIME DEFAULT CURRENT_TIMESTAMP,
    last_active_at DATETIME DEFAULT CURRENT_TIMESTAMP,
    status INTEGER DEFAULT 1,
    FOREIGN KEY (shop_id) REFERENCES shops(id),
    UNIQUE(shop_id, customer_id)
);
INSERT INTO customers VALUES(1,16,'demo_cli_1759948844308','CLI Tester','cli@example.com',NULL,NULL,NULL,'2025-10-08 18:40:44','2025-10-08 18:40:44',1);
INSERT INTO customers VALUES(2,16,'demo_cli_1759948877441','CLI Tester','cli@example.com',NULL,NULL,NULL,'2025-10-08 18:41:17','2025-10-08 18:41:17',1);
INSERT INTO customers VALUES(3,16,'demo_cli_1759948912141','CLI Tester','cli@example.com',NULL,NULL,NULL,'2025-10-08 18:41:52','2025-10-08 18:41:52',1);
INSERT INTO customers VALUES(4,16,'demo_cli_1759949138437','CLI Tester','cli@example.com',NULL,NULL,NULL,'2025-10-08 18:45:38','2025-10-08 18:45:38',1);
INSERT INTO customers VALUES(5,19,'test-customer-1760014214005',NULL,NULL,NULL,NULL,NULL,'2025-10-09 12:50:19','2025-10-09 12:50:19',1);
INSERT INTO customers VALUES(6,19,'guest-fcm4o09z1va',NULL,NULL,NULL,NULL,NULL,'2025-10-09 12:56:36','2025-10-09 13:03:23',1);
INSERT INTO customers VALUES(7,19,'guest-eu3ho0zk6ss',NULL,NULL,NULL,NULL,NULL,'2025-10-09 12:59:56','2025-10-09 13:03:23',1);
INSERT INTO customers VALUES(8,19,'guest-76qedlx471',NULL,NULL,NULL,NULL,NULL,'2025-10-09 13:13:19','2025-10-09 13:48:18',1);
INSERT INTO customers VALUES(9,19,'guest-t7jxv8bimzh',NULL,NULL,NULL,NULL,NULL,'2025-10-09 13:51:09','2025-10-09 13:51:09',1);
INSERT INTO customers VALUES(10,19,'guest-nfpk4qgofbd',NULL,NULL,NULL,NULL,NULL,'2025-10-09 13:59:12','2025-10-09 13:59:12',1);
INSERT INTO customers VALUES(11,1,'guest-9xk68zszsw',NULL,NULL,NULL,NULL,NULL,'2025-10-09 14:03:59','2025-10-09 14:03:59',1);
INSERT INTO customers VALUES(12,20,'guest-z2y8ieey2fh',NULL,NULL,NULL,NULL,NULL,'2025-10-09 15:34:07','2025-10-09 15:34:07',1);
INSERT INTO customers VALUES(13,20,'guest-ioxjai0ht9g',NULL,NULL,NULL,NULL,NULL,'2025-10-09 16:02:31','2025-10-09 16:02:31',1);
INSERT INTO customers VALUES(14,1,'guest-jx6ndxrpa9q',NULL,NULL,NULL,NULL,NULL,'2025-10-09 16:05:10','2025-10-09 16:05:10',1);
INSERT INTO customers VALUES(15,20,'guest-zb2uh4d6v3r',NULL,NULL,NULL,NULL,NULL,'2025-10-09 16:07:30','2025-10-09 16:07:30',1);
INSERT INTO customers VALUES(16,1,'guest-djws42qp4i5',NULL,NULL,NULL,NULL,NULL,'2025-10-09 16:11:38','2025-10-09 16:11:38',1);
INSERT INTO customers VALUES(17,20,'guest-5cjsj2suhx6',NULL,NULL,NULL,NULL,NULL,'2025-10-09 16:12:27','2025-10-09 16:12:27',1);
INSERT INTO customers VALUES(18,20,'guest-rj4xcc8e13d',NULL,NULL,NULL,NULL,NULL,'2025-10-09 16:12:59','2025-10-09 16:12:59',1);
INSERT INTO customers VALUES(19,20,'guest-09p5nj4bj11v',NULL,NULL,NULL,NULL,NULL,'2025-10-09 16:14:16','2025-10-09 16:14:16',1);
INSERT INTO customers VALUES(20,20,'guest-3evf7k4i13d',NULL,NULL,NULL,NULL,NULL,'2025-10-09 16:16:11','2025-10-09 16:16:11',1);
INSERT INTO customers VALUES(21,1,'guest-2crmrvq7qn8',NULL,NULL,NULL,NULL,NULL,'2025-10-09 16:17:06','2025-10-09 16:17:06',1);
INSERT INTO customers VALUES(22,1,'guest-v68cte9b9mg',NULL,NULL,NULL,NULL,NULL,'2025-10-09 16:19:28','2025-10-09 16:19:28',1);
INSERT INTO customers VALUES(23,20,'guest-ln96pwmibto',NULL,NULL,NULL,NULL,NULL,'2025-10-09 16:19:58','2025-10-09 16:19:58',1);
INSERT INTO customers VALUES(24,20,'guest-7g0twmac7bq',NULL,NULL,NULL,NULL,NULL,'2025-10-09 16:20:06','2025-10-09 16:20:06',1);
INSERT INTO customers VALUES(25,20,'guest-f303cqib2dk',NULL,NULL,NULL,NULL,NULL,'2025-10-09 16:20:11','2025-10-09 16:20:11',1);
INSERT INTO customers VALUES(26,20,'guest-c3vqkulanpc',NULL,NULL,NULL,NULL,NULL,'2025-10-09 16:20:52','2025-10-09 16:20:52',1);
INSERT INTO customers VALUES(27,20,'guest-3nc09wflrhk',NULL,NULL,NULL,NULL,NULL,'2025-10-09 16:20:57','2025-10-09 16:20:57',1);
INSERT INTO customers VALUES(28,20,'guest-r636jzxd4v',NULL,NULL,NULL,NULL,NULL,'2025-10-09 16:22:16','2025-10-09 16:22:16',1);
INSERT INTO customers VALUES(29,1,'guest-un275yea65',NULL,NULL,NULL,NULL,NULL,'2025-10-09 16:22:39','2025-10-09 16:22:39',1);
INSERT INTO customers VALUES(30,20,'guest-0jo85e1m24d',NULL,NULL,NULL,NULL,NULL,'2025-10-09 16:23:53','2025-10-09 16:23:53',1);
INSERT INTO customers VALUES(31,20,'guest-4lrevrt21cg',NULL,NULL,NULL,NULL,NULL,'2025-10-09 16:24:11','2025-10-09 16:24:11',1);
INSERT INTO customers VALUES(32,1,'guest-6pql7e4k4r5',NULL,NULL,NULL,NULL,NULL,'2025-10-09 16:24:53','2025-10-09 16:24:53',1);
INSERT INTO customers VALUES(33,20,'guest-c0rj5ot5zkq',NULL,NULL,NULL,NULL,NULL,'2025-10-09 16:28:58','2025-10-09 16:28:58',1);
INSERT INTO customers VALUES(34,20,'guest-k166azdyq9q',NULL,NULL,NULL,NULL,NULL,'2025-10-09 16:42:58','2025-10-09 16:42:58',1);
INSERT INTO customers VALUES(35,20,'guest-on0tn2or52l',NULL,NULL,NULL,NULL,NULL,'2025-10-09 16:48:18','2025-10-09 16:48:18',1);
INSERT INTO customers VALUES(36,20,'guest-ckuz6t4p04',NULL,NULL,NULL,NULL,NULL,'2025-10-09 16:51:00','2025-10-09 16:51:00',1);
INSERT INTO customers VALUES(37,20,'guest-h89k0zf9irv',NULL,NULL,NULL,NULL,NULL,'2025-10-09 16:55:11','2025-10-09 16:55:11',1);
INSERT INTO customers VALUES(38,20,'guest-kumtb4tviz',NULL,NULL,NULL,NULL,NULL,'2025-10-09 17:02:14','2025-10-09 17:02:14',1);
INSERT INTO customers VALUES(39,20,'guest-7z05mahjxnx',NULL,NULL,NULL,NULL,NULL,'2025-10-09 17:06:23','2025-10-09 17:06:23',1);
INSERT INTO customers VALUES(40,20,'guest-hhfsl2yj49j',NULL,NULL,NULL,NULL,NULL,'2025-10-09 17:14:49','2025-10-09 17:14:49',1);
INSERT INTO customers VALUES(41,20,'guest-nqpr0rsa7pd',NULL,NULL,NULL,NULL,NULL,'2025-10-09 17:16:34','2025-10-09 17:16:34',1);
INSERT INTO customers VALUES(42,20,'guest-e3jya9ecxjl',NULL,NULL,NULL,NULL,NULL,'2025-10-09 17:19:01','2025-10-09 17:19:01',1);
INSERT INTO customers VALUES(43,20,'guest-8ncob86vs0p',NULL,NULL,NULL,NULL,NULL,'2025-10-09 17:23:11','2025-10-09 17:23:11',1);
INSERT INTO customers VALUES(44,20,'guest-bhjyoktpcs',NULL,NULL,NULL,NULL,NULL,'2025-10-09 17:23:12','2025-10-09 17:23:12',1);
INSERT INTO customers VALUES(45,20,'guest-cwfh6sgmsmu',NULL,NULL,NULL,NULL,NULL,'2025-10-09 17:24:44','2025-10-09 17:24:44',1);
INSERT INTO customers VALUES(46,20,'guest-h927g9df96',NULL,NULL,NULL,NULL,NULL,'2025-10-09 17:51:29','2025-10-09 17:51:29',1);
INSERT INTO customers VALUES(47,20,'guest-xmjwej37c9',NULL,NULL,NULL,NULL,NULL,'2025-10-09 18:07:37','2025-10-09 18:07:37',1);
INSERT INTO customers VALUES(48,20,'guest-r5p7gaqp6z',NULL,NULL,NULL,NULL,NULL,'2025-10-09 18:18:57','2025-10-09 18:18:57',1);
INSERT INTO customers VALUES(49,20,'guest-8yf3j241lrw',NULL,NULL,NULL,NULL,NULL,'2025-10-09 18:21:47','2025-10-09 18:21:47',1);
INSERT INTO customers VALUES(50,20,'guest-hmek23urqta',NULL,NULL,NULL,NULL,NULL,'2025-10-09 18:54:25','2025-10-09 18:54:25',1);
INSERT INTO customers VALUES(51,20,'guest-882s5x59dqe',NULL,NULL,NULL,NULL,NULL,'2025-10-10 09:08:14','2025-10-10 09:08:14',1);
INSERT INTO customers VALUES(52,20,'guest-xyg19wnybo',NULL,NULL,NULL,NULL,NULL,'2025-10-10 09:08:29','2025-10-10 09:08:29',1);
INSERT INTO customers VALUES(53,20,'guest-x2l7hlim6i',NULL,NULL,NULL,NULL,NULL,'2025-10-10 09:08:44','2025-10-10 09:08:44',1);
INSERT INTO customers VALUES(54,20,'guest-swvdsnktup',NULL,NULL,NULL,NULL,NULL,'2025-10-10 09:09:04','2025-10-10 09:09:04',1);
INSERT INTO customers VALUES(55,20,'guest-8wuowzvrij',NULL,NULL,NULL,NULL,NULL,'2025-10-10 09:09:56','2025-10-10 09:09:56',1);
INSERT INTO customers VALUES(56,20,'guest-8csqgs70o05',NULL,NULL,NULL,NULL,NULL,'2025-10-10 09:10:06','2025-10-10 09:10:06',1);
INSERT INTO customers VALUES(57,20,'guest-kw16ykw6uq',NULL,NULL,NULL,NULL,NULL,'2025-10-10 09:12:43','2025-10-10 09:12:43',1);
INSERT INTO customers VALUES(58,20,'guest-a5g2fy9x86q',NULL,NULL,NULL,NULL,NULL,'2025-10-10 09:12:56','2025-10-10 09:12:56',1);
INSERT INTO customers VALUES(59,20,'guest-1ms6w2n1nic',NULL,NULL,NULL,NULL,NULL,'2025-10-10 09:38:08','2025-10-10 09:38:08',1);
INSERT INTO customers VALUES(60,20,'guest-8f1cg3d5avc',NULL,NULL,NULL,NULL,NULL,'2025-10-10 09:47:50','2025-10-10 09:47:50',1);
INSERT INTO customers VALUES(61,20,'guest-4okcpthirs4',NULL,NULL,NULL,NULL,NULL,'2025-10-10 09:54:08','2025-10-10 09:54:08',1);
INSERT INTO customers VALUES(62,20,'guest-k4wwzyl7cx',NULL,NULL,NULL,NULL,NULL,'2025-10-10 09:57:04','2025-10-10 09:57:04',1);
INSERT INTO customers VALUES(63,20,'guest-ur9al51lj4',NULL,NULL,NULL,NULL,NULL,'2025-10-10 10:11:07','2025-10-10 10:11:07',1);
INSERT INTO customers VALUES(64,20,'guest-vzkleqobe3',NULL,NULL,NULL,NULL,NULL,'2025-10-10 10:11:37','2025-10-10 10:11:37',1);
INSERT INTO customers VALUES(65,20,'guest-5rhe1eyex5y',NULL,NULL,NULL,NULL,NULL,'2025-10-10 10:16:34','2025-10-10 10:16:34',1);
INSERT INTO customers VALUES(66,20,'guest-gtwhliwcqqs',NULL,NULL,NULL,NULL,NULL,'2025-10-10 10:23:06','2025-10-10 10:23:06',1);
INSERT INTO customers VALUES(67,20,'guest-78entd7xexm',NULL,NULL,NULL,NULL,NULL,'2025-10-10 10:42:06','2025-10-10 10:42:06',1);
INSERT INTO customers VALUES(68,20,'guest-cjbmlr3m0mo',NULL,NULL,NULL,NULL,NULL,'2025-10-10 10:42:48','2025-10-10 10:42:48',1);
INSERT INTO customers VALUES(69,20,'guest-1f2z2r0c9sk',NULL,NULL,NULL,NULL,NULL,'2025-10-10 10:43:23','2025-10-10 10:43:23',1);
INSERT INTO customers VALUES(70,20,'guest-o0scwe1vgy7',NULL,NULL,NULL,NULL,NULL,'2025-10-10 10:51:39','2025-10-10 10:51:39',1);
INSERT INTO customers VALUES(71,20,'guest-ouex8y40rv',NULL,NULL,NULL,NULL,NULL,'2025-10-10 11:06:03','2025-10-10 11:06:03',1);
INSERT INTO customers VALUES(72,20,'guest-dgwptc5wgv',NULL,NULL,NULL,NULL,NULL,'2025-10-10 11:15:29','2025-10-10 11:15:29',1);
INSERT INTO customers VALUES(73,20,'guest-lfm7vj0s0v',NULL,NULL,NULL,NULL,NULL,'2025-10-10 11:21:49','2025-10-10 11:21:49',1);
INSERT INTO customers VALUES(74,20,'guest-qw3ow389ogb',NULL,NULL,NULL,NULL,NULL,'2025-10-10 11:21:55','2025-10-10 11:21:55',1);
INSERT INTO customers VALUES(75,20,'guest-ss9s3x148xg',NULL,NULL,NULL,NULL,NULL,'2025-10-10 11:22:07','2025-10-10 11:22:07',1);
INSERT INTO customers VALUES(76,20,'guest-wmo8ssnq4r',NULL,NULL,NULL,NULL,NULL,'2025-10-10 11:22:13','2025-10-10 11:22:13',1);
INSERT INTO customers VALUES(77,20,'guest-xtaidcni8ar',NULL,NULL,NULL,NULL,NULL,'2025-10-10 11:22:33','2025-10-10 11:22:33',1);
INSERT INTO customers VALUES(78,20,'guest-5524u0d9o6c',NULL,NULL,NULL,NULL,NULL,'2025-10-10 11:22:40','2025-10-10 11:22:40',1);
INSERT INTO customers VALUES(79,20,'guest-quhzo8qqb2j',NULL,NULL,NULL,NULL,NULL,'2025-10-10 11:27:54','2025-10-10 11:27:54',1);
INSERT INTO customers VALUES(80,20,'guest-o33z9yhb0md',NULL,NULL,NULL,NULL,NULL,'2025-10-10 11:28:54','2025-10-10 11:28:54',1);
INSERT INTO customers VALUES(81,20,'guest-8694w9qw2al',NULL,NULL,NULL,NULL,NULL,'2025-10-10 11:33:38','2025-10-10 11:33:38',1);
INSERT INTO customers VALUES(82,20,'guest-p7norkeh2kn',NULL,NULL,NULL,NULL,NULL,'2025-10-10 11:39:30','2025-10-10 11:39:30',1);
INSERT INTO customers VALUES(83,20,'guest-egep20d7lmr',NULL,NULL,NULL,NULL,NULL,'2025-10-10 11:46:37','2025-10-10 11:46:37',1);
INSERT INTO customers VALUES(84,20,'guest-pw1gr6jpr3',NULL,NULL,NULL,NULL,NULL,'2025-10-10 11:47:52','2025-10-10 11:47:52',1);
INSERT INTO customers VALUES(85,20,'guest-7p9goml8htd',NULL,NULL,NULL,NULL,NULL,'2025-10-10 11:48:36','2025-10-10 11:48:36',1);
INSERT INTO customers VALUES(86,20,'guest-sykrcbed5fo',NULL,NULL,NULL,NULL,NULL,'2025-10-10 11:49:14','2025-10-10 11:49:14',1);
INSERT INTO customers VALUES(87,20,'guest-fvjyek76q5',NULL,NULL,NULL,NULL,NULL,'2025-10-10 11:54:40','2025-10-10 11:54:40',1);
INSERT INTO customers VALUES(88,20,'guest-3exojkd6w6e',NULL,NULL,NULL,NULL,NULL,'2025-10-10 11:55:56','2025-10-10 11:55:56',1);
INSERT INTO customers VALUES(89,20,'guest-0w5hi5yi2a5q',NULL,NULL,NULL,NULL,NULL,'2025-10-10 11:56:24','2025-10-10 11:56:24',1);
INSERT INTO customers VALUES(90,20,'guest-42j0qjeanep',NULL,NULL,NULL,NULL,NULL,'2025-10-10 12:51:30','2025-10-10 12:51:30',1);
INSERT INTO customers VALUES(91,20,'guest-dnk5nound2h',NULL,NULL,NULL,NULL,NULL,'2025-10-10 12:51:33','2025-10-10 12:51:33',1);
INSERT INTO customers VALUES(92,20,'guest-rp1cf5lrzg',NULL,NULL,NULL,NULL,NULL,'2025-10-10 12:51:46','2025-10-10 12:51:46',1);
INSERT INTO customers VALUES(93,20,'guest-z9sfku3wpli',NULL,NULL,NULL,NULL,NULL,'2025-10-10 12:51:55','2025-10-10 12:51:55',1);
INSERT INTO customers VALUES(94,20,'guest-b6ydziuc9ri',NULL,NULL,NULL,NULL,NULL,'2025-10-10 12:52:15','2025-10-10 12:52:15',1);
INSERT INTO customers VALUES(95,20,'guest-pcmuwrid4m',NULL,NULL,NULL,NULL,NULL,'2025-10-10 12:55:01','2025-10-10 12:55:01',1);
INSERT INTO customers VALUES(96,20,'guest-unmgehwwj6i',NULL,NULL,NULL,NULL,NULL,'2025-10-10 12:55:13','2025-10-10 12:55:13',1);
INSERT INTO customers VALUES(97,20,'guest-dg5v709gnufmgl7nx47',NULL,NULL,NULL,NULL,NULL,'2025-10-10 18:59:50','2025-10-10 19:07:31',1);
INSERT INTO customers VALUES(98,20,'guest-x7suyhmq4nmgl803re',NULL,NULL,NULL,NULL,NULL,'2025-10-10 19:09:19','2025-10-10 19:11:58',1);
INSERT INTO customers VALUES(99,20,'guest-p50m5qi7htbmgl846a4',NULL,NULL,NULL,NULL,NULL,'2025-10-10 19:12:29','2025-10-10 19:17:05',1);
INSERT INTO customers VALUES(100,20,'guest-51reja9aqxvmgl8de0c',NULL,NULL,NULL,NULL,NULL,'2025-10-10 19:19:39','2025-10-10 19:21:07',1);
INSERT INTO customers VALUES(101,20,'guest-2isefr1z53tmgl8g5gk',NULL,NULL,NULL,NULL,NULL,'2025-10-10 19:21:47','2025-10-10 19:28:06',1);
INSERT INTO customers VALUES(102,20,'guest-32gbp8w0n7qmgl8psyv',NULL,NULL,NULL,NULL,NULL,'2025-10-10 19:29:18','2025-10-10 19:31:03',1);
INSERT INTO customers VALUES(103,20,'guest-gcits7y9b4emgl8wf2h',NULL,NULL,NULL,NULL,NULL,'2025-10-10 19:34:26','2025-10-10 19:35:58',1);
INSERT INTO customers VALUES(104,20,'guest-kyq9g5h5otsmgl923vv',NULL,NULL,NULL,NULL,NULL,'2025-10-10 19:38:52','2025-10-10 19:42:52',1);
INSERT INTO customers VALUES(105,20,'guest-4rzpzeqgsu8mgl97yvt',NULL,NULL,NULL,NULL,NULL,'2025-10-10 19:43:25','2025-10-10 19:46:38',1);
INSERT INTO customers VALUES(106,20,'guest-dsg3w5c8m84mgl9cvqg',NULL,NULL,NULL,NULL,NULL,'2025-10-10 19:47:15','2025-10-10 19:51:28',1);
INSERT INTO customers VALUES(107,20,'guest-qfwa64tx58mgl9k9vf',NULL,NULL,NULL,NULL,NULL,'2025-10-10 19:52:59','2025-10-10 19:56:32',1);
INSERT INTO customers VALUES(108,20,'guest-ol0bgkjlaumgl9qvog',NULL,NULL,NULL,NULL,NULL,'2025-10-10 19:58:08','2025-10-10 19:59:58',1);
INSERT INTO customers VALUES(109,20,'guest-pbpsbun55tpmgl9zxxi',NULL,NULL,NULL,NULL,NULL,'2025-10-10 20:05:10','2025-10-10 20:07:21',1);
INSERT INTO customers VALUES(110,20,'guest-6cvhtrj80o5mgla407a',NULL,NULL,NULL,NULL,NULL,'2025-10-10 20:08:20','2025-10-10 20:11:38',1);
INSERT INTO customers VALUES(111,20,'guest-1eyr2ayunrnmgla8ec9',NULL,NULL,NULL,NULL,NULL,'2025-10-10 20:11:45','2025-10-10 20:11:45',1);
INSERT INTO customers VALUES(112,20,'guest-i3kfeio9789mgla9hj8',NULL,NULL,NULL,NULL,NULL,'2025-10-10 20:12:36','2025-10-10 20:12:36',1);
INSERT INTO customers VALUES(113,20,'guest-z0c2aytzcdbmgla9uwa',NULL,NULL,NULL,NULL,NULL,'2025-10-10 20:12:53','2025-10-10 20:12:53',1);
INSERT INTO customers VALUES(114,20,'guest-clyop8xd5h6mgla9z8e',NULL,NULL,NULL,NULL,NULL,'2025-10-10 20:12:59','2025-10-10 20:13:25',1);
INSERT INTO customers VALUES(115,20,'guest-q9l9yidxvmmglaamxx',NULL,NULL,NULL,NULL,NULL,'2025-10-10 20:13:29','2025-10-10 20:13:29',1);
INSERT INTO customers VALUES(116,20,'guest-7f8xj7thyzmglabnhs',NULL,NULL,NULL,NULL,NULL,'2025-10-10 20:14:17','2025-10-10 20:14:17',1);
INSERT INTO customers VALUES(117,20,'guest-57ca8zqydmhmglac0bl',NULL,NULL,NULL,NULL,NULL,'2025-10-10 20:14:33','2025-10-10 20:14:33',1);
INSERT INTO customers VALUES(118,20,'guest-7j50axjmj7ymglacpn5',NULL,NULL,NULL,NULL,NULL,'2025-10-10 20:15:06','2025-10-10 20:18:01',1);
INSERT INTO customers VALUES(119,20,'guest-2wujr089hjfmglaggxc',NULL,NULL,NULL,NULL,NULL,'2025-10-10 20:18:02','2025-10-10 20:18:02',1);
INSERT INTO customers VALUES(120,20,'guest-yntnm7kyyapmglagkhs',NULL,NULL,NULL,NULL,NULL,'2025-10-10 20:18:06','2025-10-10 20:18:06',1);
INSERT INTO customers VALUES(121,20,'guest-5lvjycu2v1mglahf75',NULL,NULL,NULL,NULL,NULL,'2025-10-10 20:18:46','2025-10-10 20:18:46',1);
INSERT INTO customers VALUES(122,20,'guest-w59sf33amm8mglaisne',NULL,NULL,NULL,NULL,NULL,'2025-10-10 20:19:50','2025-10-10 20:22:15',1);
INSERT INTO customers VALUES(123,20,'guest-drksl4j9osmglam1t7',NULL,NULL,NULL,NULL,NULL,'2025-10-10 20:22:22','2025-10-10 20:22:22',1);
INSERT INTO customers VALUES(124,20,'guest-72riejnblxumglamcf4',NULL,NULL,NULL,NULL,NULL,'2025-10-10 20:22:36','2025-10-10 20:22:36',1);
INSERT INTO customers VALUES(125,20,'guest-j7hyh2z9ycmglapjnf',NULL,NULL,NULL,NULL,NULL,'2025-10-10 20:25:05','2025-10-10 20:27:58',1);
INSERT INTO customers VALUES(126,20,'guest-svy0104glkqmglavdy2',NULL,NULL,NULL,NULL,NULL,'2025-10-10 20:29:38','2025-10-10 20:29:38',1);
INSERT INTO customers VALUES(127,20,'guest-eq0vq4cwtimglay3vq',NULL,NULL,NULL,NULL,NULL,'2025-10-10 20:31:44','2025-10-10 20:33:25',1);
INSERT INTO customers VALUES(128,20,'guest-cip0qo5lo1tmglb1a9m',NULL,NULL,NULL,NULL,NULL,'2025-10-10 20:34:13','2025-10-10 20:36:07',1);
INSERT INTO customers VALUES(129,20,'guest-pbpozwk3nymglb4jv3',NULL,NULL,NULL,NULL,NULL,'2025-10-10 20:36:45','2025-10-10 20:38:50',1);
INSERT INTO customers VALUES(130,20,'guest-i3rpw1uacwmglb7ccd',NULL,NULL,NULL,NULL,NULL,'2025-10-10 20:38:55','2025-10-10 20:38:55',1);
INSERT INTO customers VALUES(131,20,'guest-q6krq3ohfimglb7hhb',NULL,NULL,NULL,NULL,NULL,'2025-10-10 20:39:02','2025-10-10 20:39:02',1);
INSERT INTO customers VALUES(132,20,'guest-1ynxi7tnovmglb7kah',NULL,NULL,NULL,NULL,NULL,'2025-10-10 20:39:06','2025-10-10 20:40:31',1);
INSERT INTO customers VALUES(133,20,'guest-niti58z5w0dmglb9pxm',NULL,NULL,NULL,NULL,NULL,'2025-10-10 20:40:46','2025-10-10 20:42:15',1);
INSERT INTO customers VALUES(134,20,'guest-72nq9peyur8mglbbueu',NULL,NULL,NULL,NULL,NULL,'2025-10-10 20:42:25','2025-10-10 20:43:07',1);
INSERT INTO customers VALUES(135,20,'guest-ghoj2rfjh9hmglbcvn8',NULL,NULL,NULL,NULL,NULL,'2025-10-10 20:43:14','2025-10-10 20:44:29',1);
INSERT INTO customers VALUES(136,20,'guest-xr4z68fv9qfmglbentm',NULL,NULL,NULL,NULL,NULL,'2025-10-10 20:44:37','2025-10-10 20:44:37',1);
INSERT INTO customers VALUES(137,20,'guest-z1omk97bozpmglbh00z',NULL,NULL,NULL,NULL,NULL,'2025-10-10 20:46:26','2025-10-10 20:49:28',1);
INSERT INTO customers VALUES(138,20,'guest-evzhoafkg2gmglblq0j',NULL,NULL,NULL,NULL,NULL,'2025-10-10 20:50:06','2025-10-10 20:50:06',1);
INSERT INTO customers VALUES(139,20,'guest-wszv5uffdgsmglbnjcw',NULL,NULL,NULL,NULL,NULL,'2025-10-10 20:51:31','2025-10-10 20:51:59',1);
INSERT INTO customers VALUES(140,20,'guest-90kz8gkgi5emglbo68d',NULL,NULL,NULL,NULL,NULL,'2025-10-10 20:52:01','2025-10-10 20:52:01',1);
INSERT INTO customers VALUES(141,20,'guest-d4oj5nrl3jimglbo9vr',NULL,NULL,NULL,NULL,NULL,'2025-10-10 20:52:05','2025-10-10 20:52:34',1);
INSERT INTO customers VALUES(142,20,'guest-diqa1mds8scmglboyqc',NULL,NULL,NULL,NULL,NULL,'2025-10-10 20:52:38','2025-10-10 20:52:38',1);
INSERT INTO customers VALUES(143,20,'guest-sp12rhm4stmglbqj5g',NULL,NULL,NULL,NULL,NULL,'2025-10-10 20:53:51','2025-10-10 20:53:51',1);
INSERT INTO customers VALUES(144,20,'guest-dmbbshhss2emglbrkyu',NULL,NULL,NULL,NULL,NULL,'2025-10-10 20:54:40','2025-10-10 20:55:08',1);
INSERT INTO customers VALUES(145,20,'guest-gmdh44wlz7mglbskas',NULL,NULL,NULL,NULL,NULL,'2025-10-10 20:55:25','2025-10-10 20:56:04',1);
INSERT INTO customers VALUES(146,20,'guest-zz52wdr62k9mglbthff',NULL,NULL,NULL,NULL,NULL,'2025-10-10 20:56:08','2025-10-10 20:57:59',1);
INSERT INTO customers VALUES(147,20,'guest-fgrkq97ws5smglbx6kg',NULL,NULL,NULL,NULL,NULL,'2025-10-10 20:59:01','2025-10-10 20:59:56',1);
INSERT INTO customers VALUES(148,20,'guest-5zzki22x23cmglbygwl',NULL,NULL,NULL,NULL,NULL,'2025-10-10 21:00:01','2025-10-10 21:00:01',1);
INSERT INTO customers VALUES(149,20,'guest-5hqlxdcg9ckmglbyt4z',NULL,NULL,NULL,NULL,NULL,'2025-10-10 21:00:17','2025-10-10 21:00:17',1);
INSERT INTO customers VALUES(150,20,'guest-gd7bmb88gffmglbz2oo',NULL,NULL,NULL,NULL,NULL,'2025-10-10 21:00:29','2025-10-10 21:00:40',1);
INSERT INTO customers VALUES(151,20,'guest-i8kaycdjszmglbzbqz',NULL,NULL,NULL,NULL,NULL,'2025-10-10 21:00:41','2025-10-10 21:02:02',1);
INSERT INTO customers VALUES(152,20,'guest-l3yij5w5bvmglc15if',NULL,NULL,NULL,NULL,NULL,'2025-10-10 21:02:06','2025-10-10 21:04:28',1);
INSERT INTO customers VALUES(153,20,'guest-2z7vtqu5m1pmglc4adp',NULL,NULL,NULL,NULL,NULL,'2025-10-10 21:04:32','2025-10-10 21:06:11',1);
INSERT INTO customers VALUES(154,20,'guest-fmgvqlbpe2jmglc6i7n',NULL,NULL,NULL,NULL,NULL,'2025-10-10 21:06:16','2025-10-10 21:08:24',1);
INSERT INTO customers VALUES(155,20,'guest-bm4k80o75pjmglc9m1x',NULL,NULL,NULL,NULL,NULL,'2025-10-10 21:08:41','2025-10-10 21:12:48',1);
INSERT INTO customers VALUES(156,20,'guest-yirlvtrivcmglcf5u6',NULL,NULL,NULL,NULL,NULL,'2025-10-10 21:13:00','2025-10-10 21:13:10',1);
INSERT INTO customers VALUES(157,20,'guest-b77jc4t9gdbmglcfh4u',NULL,NULL,NULL,NULL,NULL,'2025-10-10 21:13:14','2025-10-10 21:13:18',1);
INSERT INTO customers VALUES(158,20,'guest-e7ry1sgrpj5mglcflro',NULL,NULL,NULL,NULL,NULL,'2025-10-10 21:13:20','2025-10-10 21:13:20',1);
INSERT INTO customers VALUES(159,20,'guest-mqw2yc0fwy9mglcfoj3',NULL,NULL,NULL,NULL,NULL,'2025-10-10 21:13:24','2025-10-10 21:13:24',1);
INSERT INTO customers VALUES(160,20,'guest-x72trofn9imglch6lm',NULL,NULL,NULL,NULL,NULL,'2025-10-10 21:14:34','2025-10-10 21:14:34',1);
INSERT INTO customers VALUES(161,20,'guest-mlds5s9wdtjmglw4t4a',NULL,NULL,NULL,NULL,NULL,'2025-10-11 06:24:49','2025-10-11 06:24:49',1);
INSERT INTO customers VALUES(162,20,'guest-4sa2iczbapqmglza1v4',NULL,NULL,NULL,NULL,NULL,'2025-10-11 07:52:53','2025-10-11 08:01:38',1);
INSERT INTO customers VALUES(163,20,'guest-hxqzmvavog7mgm0t78e',NULL,NULL,NULL,NULL,NULL,'2025-10-11 08:35:46','2025-10-11 08:56:26',1);
INSERT INTO customers VALUES(164,20,'guest-ztnskdn39zdmgm1kwpa',NULL,NULL,NULL,NULL,NULL,'2025-10-11 08:57:18','2025-10-11 08:57:18',1);
INSERT INTO customers VALUES(165,20,'guest-a3x14a7kalqmgm1l5pv',NULL,NULL,NULL,NULL,NULL,'2025-10-11 08:57:30','2025-10-11 08:57:30',1);
INSERT INTO customers VALUES(166,20,'guest-1bhr87ccfdsmgm1ltxc',NULL,NULL,NULL,NULL,NULL,'2025-10-11 08:58:01','2025-10-11 09:04:10',1);
INSERT INTO customers VALUES(167,20,'guest-dqsnrf5d2i9mgm1v55e',NULL,NULL,NULL,NULL,NULL,'2025-10-11 09:05:16','2025-10-11 09:05:16',1);
INSERT INTO customers VALUES(168,20,'guest-6q89ysgvefwmgm1vf3x',NULL,NULL,NULL,NULL,NULL,'2025-10-11 09:05:29','2025-10-11 09:05:29',1);
INSERT INTO customers VALUES(169,20,'guest-erlc2xr1jhjmgm1voci',NULL,NULL,NULL,NULL,NULL,'2025-10-11 09:05:41','2025-10-11 09:05:41',1);
INSERT INTO customers VALUES(170,20,'guest-qzbie1i6cbsmgm1vqw5',NULL,NULL,NULL,NULL,NULL,'2025-10-11 09:05:44','2025-10-11 09:05:44',1);
INSERT INTO customers VALUES(171,20,'guest-8x22fowgaojmgm1vuwg',NULL,NULL,NULL,NULL,NULL,'2025-10-11 09:05:49','2025-10-11 09:05:49',1);
INSERT INTO customers VALUES(172,20,'guest-t8ow1natpkmgm1w0v6',NULL,NULL,NULL,NULL,NULL,'2025-10-11 09:05:57','2025-10-11 09:05:57',1);
INSERT INTO customers VALUES(173,20,'guest-2y2nhrs0nb1mgm1w1p9',NULL,NULL,NULL,NULL,NULL,'2025-10-11 09:05:58','2025-10-11 09:05:58',1);
INSERT INTO customers VALUES(174,20,'guest-72anpanyyy7mgm1w2n2',NULL,NULL,NULL,NULL,NULL,'2025-10-11 09:05:59','2025-10-11 09:05:59',1);
INSERT INTO customers VALUES(175,20,'guest-2ubm2dgt0ikmgm1xahl',NULL,NULL,NULL,NULL,NULL,'2025-10-11 09:06:56','2025-10-11 09:06:56',1);
INSERT INTO customers VALUES(176,20,'guest-1z51dmncj8mmgm1y7lq',NULL,NULL,NULL,NULL,NULL,'2025-10-11 09:07:39','2025-10-11 09:07:39',1);
INSERT INTO customers VALUES(177,20,'guest-jur4o693u9jmgm1yn70',NULL,NULL,NULL,NULL,NULL,'2025-10-11 09:07:59','2025-10-11 09:12:09',1);
INSERT INTO customers VALUES(178,20,'guest-sf4z5nhsr2mgm25e0a',NULL,NULL,NULL,NULL,NULL,'2025-10-11 09:13:14','2025-10-11 09:18:07',1);
INSERT INTO customers VALUES(179,20,'guest-bf0g47zr768mgm2d035',NULL,NULL,NULL,NULL,NULL,'2025-10-11 09:19:09','2025-10-11 09:23:55',1);
INSERT INTO customers VALUES(180,20,'guest-apxhghtkufmgm2ldwe',NULL,NULL,NULL,NULL,NULL,'2025-10-11 09:25:40','2025-10-11 09:32:54',1);
INSERT INTO customers VALUES(181,20,'guest-buabkfa7y3vmgm2w7nb',NULL,NULL,NULL,NULL,NULL,'2025-10-11 09:34:05','2025-10-11 09:34:05',1);
INSERT INTO customers VALUES(182,20,'guest-4xpn3xhrmt2mgm2wjr7',NULL,NULL,NULL,NULL,NULL,'2025-10-11 09:34:21','2025-10-11 09:39:10',1);
INSERT INTO customers VALUES(183,20,'guest-jq92v6vz0bemgm35765',NULL,NULL,NULL,NULL,NULL,'2025-10-11 09:41:05','2025-10-11 09:41:05',1);
INSERT INTO customers VALUES(184,20,'guest-lrfy7b0w1gmgm35qa5',NULL,NULL,NULL,NULL,NULL,'2025-10-11 09:41:29','2025-10-11 09:46:57',1);
INSERT INTO customers VALUES(185,20,'guest-vb6phjnkt2bmgm3f1vv',NULL,NULL,NULL,NULL,NULL,'2025-10-11 09:48:44','2025-10-11 09:48:44',1);
INSERT INTO customers VALUES(186,20,'guest-trvsodro0gqmgm3fnw5',NULL,NULL,NULL,NULL,NULL,'2025-10-11 09:49:13','2025-10-11 09:53:27',1);
INSERT INTO customers VALUES(187,20,'guest-o7je7nqcx7mgm3optx',NULL,NULL,NULL,NULL,NULL,'2025-10-11 09:56:15','2025-10-11 09:56:15',1);
INSERT INTO customers VALUES(188,20,'guest-2rjcj4ioealmgm3oxbb',NULL,NULL,NULL,NULL,NULL,'2025-10-11 09:56:25','2025-10-11 09:56:25',1);
INSERT INTO customers VALUES(189,20,'guest-77bdm5fg4qmgm3prcg',NULL,NULL,NULL,NULL,NULL,'2025-10-11 09:57:04','2025-10-11 10:04:45',1);
INSERT INTO customers VALUES(190,20,'guest-6ugykadvgrkmgm46h5r',NULL,NULL,NULL,NULL,NULL,'2025-10-11 10:10:04','2025-10-11 10:10:04',1);
INSERT INTO customers VALUES(191,20,'guest-nxdrd7rdsh9mgm4hmtl',NULL,NULL,NULL,NULL,NULL,'2025-10-11 10:18:44','2025-10-11 10:24:57',1);
INSERT INTO customers VALUES(192,20,'guest-4fmpk7lasiumgm4so4o',NULL,NULL,NULL,NULL,NULL,'2025-10-11 10:27:19','2025-10-11 10:27:19',1);
INSERT INTO customers VALUES(193,20,'guest-c2h63150jytmgm51glu',NULL,NULL,NULL,NULL,NULL,'2025-10-11 10:34:09','2025-10-11 10:34:54',1);
INSERT INTO customers VALUES(194,20,'guest-rindb2i83bomgm52h69',NULL,NULL,NULL,NULL,NULL,'2025-10-11 10:34:57','2025-10-11 10:47:33',1);
INSERT INTO customers VALUES(195,20,'guest-29n8deokhbpmgm5toaj',NULL,NULL,NULL,NULL,NULL,'2025-10-11 10:56:06','2025-10-11 10:56:06',1);
INSERT INTO customers VALUES(196,20,'guest-8j23n43lawqmgm6a6zj',NULL,NULL,NULL,NULL,NULL,'2025-10-11 11:08:56','2025-10-11 11:20:03',1);
INSERT INTO customers VALUES(197,20,'guest-9dk8nz8d2xnmgm9x1cx',NULL,NULL,NULL,NULL,NULL,'2025-10-11 12:50:41','2025-10-11 12:50:41',1);
INSERT INTO customers VALUES(198,20,'guest-o74ok3eovvhmgm9x8cj',NULL,NULL,NULL,NULL,NULL,'2025-10-11 12:50:50','2025-10-11 12:50:50',1);
INSERT INTO customers VALUES(199,20,'guest-977r3bibau8mgm9z3sg',NULL,NULL,NULL,NULL,NULL,'2025-10-11 12:52:18','2025-10-11 12:52:18',1);
INSERT INTO customers VALUES(200,20,'guest-h6qkmpgczm4mgma0lof',NULL,NULL,NULL,NULL,NULL,'2025-10-11 12:53:27','2025-10-11 12:53:27',1);
INSERT INTO customers VALUES(201,20,'guest-i5me8lp1pcsmgma5bpn',NULL,NULL,NULL,NULL,NULL,'2025-10-11 12:57:08','2025-10-11 17:02:08',1);
INSERT INTO customers VALUES(202,20,'guest-x8mxhfgmnqjmgmiwqql',NULL,NULL,NULL,NULL,NULL,'2025-10-11 17:02:24','2025-10-11 17:07:50',1);
INSERT INTO customers VALUES(203,20,'guest-86ir18r1s6mmgmj3sdi',NULL,NULL,NULL,NULL,NULL,'2025-10-11 17:07:53','2025-10-11 17:12:25',1);
INSERT INTO customers VALUES(204,20,'guest-5qe1rlkqdk5mgmmfqv6',NULL,NULL,NULL,NULL,NULL,'2025-10-11 18:41:09','2025-10-11 18:41:09',1);
INSERT INTO customers VALUES(205,20,'guest-6ksb0fi8dgimgmmh8dz',NULL,NULL,NULL,NULL,NULL,'2025-10-11 18:42:19','2025-10-11 18:42:19',1);
INSERT INTO customers VALUES(206,20,'guest-frokarj4zxhmgmmhy5b',NULL,NULL,NULL,NULL,NULL,'2025-10-11 18:42:52','2025-10-11 18:47:06',1);
INSERT INTO customers VALUES(207,20,'guest-kwtod6opsrmmgmmo41v',NULL,NULL,NULL,NULL,NULL,'2025-10-11 18:47:40','2025-10-11 18:51:38',1);
INSERT INTO customers VALUES(208,20,'guest-9samxrjwl39mgmn1rji',NULL,NULL,NULL,NULL,NULL,'2025-10-11 18:58:17','2025-10-11 18:58:17',1);
INSERT INTO customers VALUES(209,20,'guest-6i143ri4j2mgmn24zy',NULL,NULL,NULL,NULL,NULL,'2025-10-11 18:58:34','2025-10-11 19:02:43',1);
INSERT INTO customers VALUES(210,20,'guest-xopwoml7o4nmgmn9eva',NULL,NULL,NULL,NULL,NULL,'2025-10-11 19:04:14','2025-10-11 19:07:35',1);
INSERT INTO customers VALUES(211,20,'guest-6wnavx8ibs7mgmne6fi',NULL,NULL,NULL,NULL,NULL,'2025-10-11 19:07:56','2025-10-11 19:10:48',1);
INSERT INTO customers VALUES(212,20,'guest-pjzmn18c89kmgmniodt',NULL,NULL,NULL,NULL,NULL,'2025-10-11 19:11:26','2025-10-11 19:16:41',1);
INSERT INTO customers VALUES(213,20,'guest-rmlgjjbtbalmgmnqn0m',NULL,NULL,NULL,NULL,NULL,'2025-10-11 19:17:37','2025-10-11 19:20:29',1);
INSERT INTO customers VALUES(214,20,'guest-s1okp8t1noemgmnuerb',NULL,NULL,NULL,NULL,NULL,'2025-10-11 19:20:33','2025-10-11 19:24:35',1);
INSERT INTO customers VALUES(215,20,'guest-gmcp24ovimmgmo010c',NULL,NULL,NULL,NULL,NULL,'2025-10-11 19:24:55','2025-10-11 19:34:10',1);
INSERT INTO customers VALUES(216,20,'guest-9vqb8v86shimgmocrfh',NULL,NULL,NULL,NULL,NULL,'2025-10-11 19:34:49','2025-10-11 19:38:54',1);
INSERT INTO customers VALUES(217,20,'guest-qtok4b08ansmgmojefn',NULL,NULL,NULL,NULL,NULL,'2025-10-11 19:39:59','2025-10-11 19:44:23',1);
INSERT INTO customers VALUES(218,20,'guest-u8jgs1w9cvmgmop8a6',NULL,NULL,NULL,NULL,NULL,'2025-10-11 19:44:31','2025-10-11 19:44:50',1);
INSERT INTO customers VALUES(219,20,'guest-h1oo1dgz0gvmgmoqulp',NULL,NULL,NULL,NULL,NULL,'2025-10-11 19:45:47','2025-10-11 19:46:03',1);
INSERT INTO customers VALUES(220,20,'guest-ttmlf4bl4unmgmor87l',NULL,NULL,NULL,NULL,NULL,'2025-10-11 19:46:04','2025-10-11 19:50:23',1);
INSERT INTO customers VALUES(221,20,'guest-86hozmgp1b2mgmoxq7x',NULL,NULL,NULL,NULL,NULL,'2025-10-11 19:51:08','2025-10-11 19:53:02',1);
INSERT INTO customers VALUES(222,20,'guest-ss8rqom8eumgmp0cn7',NULL,NULL,NULL,NULL,NULL,'2025-10-11 19:53:10','2025-10-11 19:56:27',1);
INSERT INTO customers VALUES(223,20,'guest-vese0ylg8smgmp8r0d',NULL,NULL,NULL,NULL,NULL,'2025-10-11 19:59:42','2025-10-11 20:00:16',1);
INSERT INTO customers VALUES(224,20,'guest-sjj6ozrdhy9mgmpb287',NULL,NULL,NULL,NULL,NULL,'2025-10-11 20:01:30','2025-10-11 20:06:57',1);
INSERT INTO customers VALUES(225,20,'guest-8ugoiqgsi2bmgmppt3i',NULL,NULL,NULL,NULL,NULL,'2025-10-11 20:12:58','2025-10-11 20:14:51',1);
INSERT INTO customers VALUES(226,20,'guest-igol4py2i4imgmpw4fe',NULL,NULL,NULL,NULL,NULL,'2025-10-11 20:17:52','2025-10-11 20:21:31',1);
INSERT INTO customers VALUES(227,20,'guest-fchawih3w4lmgmq46wl',NULL,NULL,NULL,NULL,NULL,'2025-10-11 20:24:09','2025-10-11 20:29:00',1);
INSERT INTO customers VALUES(228,20,'guest-38kc1jgoq81mgmqkdv0',NULL,NULL,NULL,NULL,NULL,'2025-10-11 20:36:44','2025-10-11 20:36:44',1);
INSERT INTO customers VALUES(229,20,'guest-5nq2eridlajmgmqkfik',NULL,NULL,NULL,NULL,NULL,'2025-10-11 20:36:46','2025-10-11 20:36:46',1);
INSERT INTO customers VALUES(230,20,'guest-ri6z6mcekfemgmqmeap',NULL,NULL,NULL,NULL,NULL,'2025-10-11 20:38:18','2025-10-11 20:38:18',1);
INSERT INTO customers VALUES(231,20,'guest-eb6m8q6qly4mgmqnwit',NULL,NULL,NULL,NULL,NULL,'2025-10-11 20:39:28','2025-10-11 20:42:23',1);
INSERT INTO customers VALUES(232,20,'guest-acrdfewmem4mgmqsobv',NULL,NULL,NULL,NULL,NULL,'2025-10-11 20:43:11','2025-10-11 20:45:12',1);
INSERT INTO customers VALUES(233,20,'guest-goge6e0dwzamgmqxz8v',NULL,NULL,NULL,NULL,NULL,'2025-10-11 20:47:19','2025-10-11 20:48:57',1);
INSERT INTO customers VALUES(234,20,'guest-uf8u6bnayzfmgmr66fa',NULL,NULL,NULL,NULL,NULL,'2025-10-11 20:53:41','2025-10-11 20:57:56',1);
INSERT INTO customers VALUES(235,20,'guest-bpjszul505mgna8i4u',NULL,NULL,NULL,NULL,NULL,'2025-10-12 05:47:22','2025-10-12 05:49:31',1);
INSERT INTO customers VALUES(236,20,'guest-gu89ghi9ywmgnav6gt',NULL,NULL,NULL,NULL,NULL,'2025-10-12 06:05:00','2025-10-12 06:09:37',1);
INSERT INTO customers VALUES(237,20,'guest-5dxmikew0qemgnb2ixe',NULL,NULL,NULL,NULL,NULL,'2025-10-12 06:10:43','2025-10-12 06:10:50',1);
INSERT INTO customers VALUES(238,20,'guest-1cejq0niwtqmgnb3u3u',NULL,NULL,NULL,NULL,NULL,'2025-10-12 06:11:44','2025-10-12 06:13:49',1);
INSERT INTO customers VALUES(239,20,'guest-kc6s6qj274amgnb6s54',NULL,NULL,NULL,NULL,NULL,'2025-10-12 06:14:02','2025-10-12 06:14:02',1);
INSERT INTO customers VALUES(240,20,'guest-29yxq6fay3mgnbcct9',NULL,NULL,NULL,NULL,NULL,'2025-10-12 06:18:22','2025-10-12 06:19:44',1);
INSERT INTO customers VALUES(241,20,'guest-sk022c8zxcmgnbjiyp',NULL,NULL,NULL,NULL,NULL,'2025-10-12 06:23:56','2025-10-12 06:27:31',1);
INSERT INTO customers VALUES(242,20,'guest-ksja8b6i8fnmgnbot04',NULL,NULL,NULL,NULL,NULL,'2025-10-12 06:28:02','2025-10-12 06:35:46',1);
INSERT INTO customers VALUES(243,20,'guest-qx7uipll98mgnc09kr',NULL,NULL,NULL,NULL,NULL,'2025-10-12 06:36:57','2025-10-12 06:38:58',1);
INSERT INTO customers VALUES(244,20,'guest-f8n7hari0z6mgnc9ey8',NULL,NULL,NULL,NULL,NULL,'2025-10-12 06:44:04','2025-10-12 06:46:27',1);
INSERT INTO customers VALUES(245,20,'guest-cn36darx8jnmgncdisg',NULL,NULL,NULL,NULL,NULL,'2025-10-12 06:47:16','2025-10-12 06:48:38',1);
INSERT INTO customers VALUES(246,20,'guest-6jvmi1ac7o6mgncfjyt',NULL,NULL,NULL,NULL,NULL,'2025-10-12 06:48:50','2025-10-12 07:01:20',1);
INSERT INTO customers VALUES(247,20,'guest-4e6f1iphfdcmgnzlwp4',NULL,NULL,NULL,NULL,NULL,'2025-10-12 17:37:38','2025-10-12 17:38:19',1);
INSERT INTO customers VALUES(248,20,'guest-f7brsoeqlaamgnzoofr',NULL,NULL,NULL,NULL,NULL,'2025-10-12 17:39:47','2025-10-12 17:44:57',1);
INSERT INTO customers VALUES(249,20,'guest-2kfbtwhibdtmgongii7',NULL,NULL,NULL,NULL,NULL,'2025-10-13 04:45:17','2025-10-13 04:45:17',1);
INSERT INTO customers VALUES(250,20,'guest-mjp68gpl8cgmgosjicw',NULL,NULL,NULL,NULL,NULL,'2025-10-13 07:07:35','2025-10-13 07:07:35',1);
INSERT INTO customers VALUES(251,20,'guest-uv7099j5ob8mgoslcly',NULL,NULL,NULL,NULL,NULL,'2025-10-13 07:09:01','2025-10-13 07:09:01',1);
INSERT INTO customers VALUES(252,20,'guest-x1j92dgnppgmgotkpfq',NULL,NULL,NULL,NULL,NULL,'2025-10-13 07:36:30','2025-10-13 07:49:16',1);
INSERT INTO customers VALUES(253,20,'guest-cdxzzuzn0mmgouu0f1',NULL,NULL,NULL,NULL,NULL,'2025-10-13 08:11:44','2025-10-13 08:11:44',1);
INSERT INTO customers VALUES(254,20,'guest-cfq2x1cwkzvmgouxgn6',NULL,NULL,NULL,NULL,NULL,'2025-10-13 08:14:25','2025-10-13 08:14:25',1);
INSERT INTO customers VALUES(255,20,'guest-333j4oc0xvemgov3ig5',NULL,NULL,NULL,NULL,NULL,'2025-10-13 08:19:07','2025-10-13 08:28:00',1);
INSERT INTO customers VALUES(256,20,'guest-50e8yuf4rkpmgoviqkl',NULL,NULL,NULL,NULL,NULL,'2025-10-13 08:30:58','2025-10-13 08:30:58',1);
INSERT INTO customers VALUES(257,20,'guest-lqpxkbydslmgovkdre',NULL,NULL,NULL,NULL,NULL,'2025-10-13 08:32:15','2025-10-13 08:32:15',1);
INSERT INTO customers VALUES(258,20,'guest-zmq4wmmzhumgovqzj4',NULL,NULL,NULL,NULL,NULL,'2025-10-13 08:37:23','2025-10-13 08:37:23',1);
INSERT INTO customers VALUES(259,20,'guest-yv32d0jf24mgovsgoc',NULL,NULL,NULL,NULL,NULL,'2025-10-13 08:38:32','2025-10-13 08:38:32',1);
INSERT INTO customers VALUES(260,20,'guest-meuiwz090jhmgow1bmn',NULL,NULL,NULL,NULL,NULL,'2025-10-13 08:45:25','2025-10-13 08:47:54',1);
INSERT INTO customers VALUES(261,20,'guest-yzoniulpa5mgow84qg',NULL,NULL,NULL,NULL,NULL,'2025-10-13 08:50:43','2025-10-13 08:59:56',1);
INSERT INTO customers VALUES(262,20,'guest-8amte8j55xtmgowljfu',NULL,NULL,NULL,NULL,NULL,'2025-10-13 09:01:08','2025-10-13 09:11:03',1);
INSERT INTO customers VALUES(263,20,'guest-w3vg9jmogbmgowyyu2',NULL,NULL,NULL,NULL,NULL,'2025-10-13 09:11:35','2025-10-13 09:11:35',1);
INSERT INTO customers VALUES(264,20,'guest-oiec4gxagkpmgox0bqw',NULL,NULL,NULL,NULL,NULL,'2025-10-13 09:12:38','2025-10-13 09:12:38',1);
INSERT INTO customers VALUES(265,20,'guest-isgb3h7rpvmgox3ajh',NULL,NULL,NULL,NULL,NULL,'2025-10-13 09:14:56','2025-10-13 09:20:47',1);
INSERT INTO customers VALUES(266,20,'guest-xtnnaxmrfbqmgoxc36x',NULL,NULL,NULL,NULL,NULL,'2025-10-13 09:21:47','2025-10-13 09:21:47',1);
CREATE TABLE sessions (
    id INTEGER PRIMARY KEY AUTOINCREMENT,
    shop_id INTEGER NOT NULL,
    customer_id INTEGER NOT NULL,
    staff_id INTEGER,
    session_status VARCHAR(20) DEFAULT 'active',
    created_at DATETIME DEFAULT CURRENT_TIMESTAMP,
    closed_at DATETIME,
    last_message_at DATETIME DEFAULT CURRENT_TIMESTAMP,
    FOREIGN KEY (shop_id) REFERENCES shops(id),
    FOREIGN KEY (customer_id) REFERENCES customers(id),
    FOREIGN KEY (staff_id) REFERENCES users(id)
);
INSERT INTO sessions VALUES(1,16,1,NULL,'active','2025-10-08 18:40:44',NULL,'2025-10-08 18:40:44');
INSERT INTO sessions VALUES(2,16,2,NULL,'active','2025-10-08 18:41:17',NULL,'2025-10-08 18:41:17');
INSERT INTO sessions VALUES(3,16,3,NULL,'active','2025-10-08 18:41:52',NULL,'2025-10-08 18:41:52');
INSERT INTO sessions VALUES(4,16,4,NULL,'active','2025-10-08 18:45:38',NULL,'2025-10-09 09:03:13');
INSERT INTO sessions VALUES(5,19,5,NULL,'active','2025-10-09 12:50:19',NULL,'2025-10-09 12:50:19');
INSERT INTO sessions VALUES(6,19,6,NULL,'active','2025-10-09 12:56:36',NULL,'2025-10-09 12:56:36');
INSERT INTO sessions VALUES(7,19,7,NULL,'active','2025-10-09 12:59:56',NULL,'2025-10-09 13:00:25');
INSERT INTO sessions VALUES(8,19,8,NULL,'active','2025-10-09 13:13:19',NULL,'2025-10-09 13:49:52');
INSERT INTO sessions VALUES(9,19,9,NULL,'active','2025-10-09 13:51:09',NULL,'2025-10-09 13:51:12');
INSERT INTO sessions VALUES(10,19,10,NULL,'active','2025-10-09 13:59:12',NULL,'2025-10-09 13:59:12');
INSERT INTO sessions VALUES(11,1,11,NULL,'active','2025-10-09 14:03:59',NULL,'2025-10-09 14:03:59');
INSERT INTO sessions VALUES(12,20,12,NULL,'active','2025-10-09 15:34:07',NULL,'2025-10-09 15:35:12');
INSERT INTO sessions VALUES(13,20,13,NULL,'active','2025-10-09 16:02:31',NULL,'2025-10-09 16:04:40');
INSERT INTO sessions VALUES(14,1,14,NULL,'active','2025-10-09 16:05:10',NULL,'2025-10-09 16:05:10');
INSERT INTO sessions VALUES(15,20,15,NULL,'active','2025-10-09 16:07:30',NULL,'2025-10-09 16:07:38');
INSERT INTO sessions VALUES(16,1,16,NULL,'active','2025-10-09 16:11:38',NULL,'2025-10-09 16:11:38');
INSERT INTO sessions VALUES(17,20,17,NULL,'active','2025-10-09 16:12:27',NULL,'2025-10-09 16:12:32');
INSERT INTO sessions VALUES(18,20,18,NULL,'active','2025-10-09 16:12:59',NULL,'2025-10-09 16:13:07');
INSERT INTO sessions VALUES(19,20,19,NULL,'active','2025-10-09 16:14:16',NULL,'2025-10-09 16:14:21');
INSERT INTO sessions VALUES(20,20,20,NULL,'active','2025-10-09 16:16:11',NULL,'2025-10-09 16:16:16');
INSERT INTO sessions VALUES(21,1,21,NULL,'active','2025-10-09 16:17:06',NULL,'2025-10-09 16:17:06');
INSERT INTO sessions VALUES(22,1,22,NULL,'active','2025-10-09 16:19:28',NULL,'2025-10-09 16:19:28');
INSERT INTO sessions VALUES(23,20,23,NULL,'active','2025-10-09 16:19:58',NULL,'2025-10-09 16:20:01');
INSERT INTO sessions VALUES(24,20,24,NULL,'active','2025-10-09 16:20:06',NULL,'2025-10-09 16:20:06');
INSERT INTO sessions VALUES(25,20,25,NULL,'active','2025-10-09 16:20:11',NULL,'2025-10-09 16:20:18');
INSERT INTO sessions VALUES(26,20,26,NULL,'active','2025-10-09 16:20:52',NULL,'2025-10-09 16:20:52');
INSERT INTO sessions VALUES(27,20,27,NULL,'active','2025-10-09 16:20:57',NULL,'2025-10-09 16:21:01');
INSERT INTO sessions VALUES(28,20,28,NULL,'active','2025-10-09 16:22:16',NULL,'2025-10-09 16:22:19');
INSERT INTO sessions VALUES(29,1,29,NULL,'active','2025-10-09 16:22:39',NULL,'2025-10-09 16:22:39');
INSERT INTO sessions VALUES(30,20,30,NULL,'active','2025-10-09 16:23:53',NULL,'2025-10-09 16:23:56');
INSERT INTO sessions VALUES(31,20,31,NULL,'active','2025-10-09 16:24:11',NULL,'2025-10-09 16:24:14');
INSERT INTO sessions VALUES(32,1,32,NULL,'active','2025-10-09 16:24:53',NULL,'2025-10-09 16:24:53');
INSERT INTO sessions VALUES(33,20,33,NULL,'active','2025-10-09 16:28:58',NULL,'2025-10-09 16:30:30');
INSERT INTO sessions VALUES(34,20,34,NULL,'active','2025-10-09 16:42:58',NULL,'2025-10-09 16:43:10');
INSERT INTO sessions VALUES(35,20,35,NULL,'active','2025-10-09 16:48:18',NULL,'2025-10-09 16:48:18');
INSERT INTO sessions VALUES(36,20,36,NULL,'active','2025-10-09 16:51:00',NULL,'2025-10-09 16:51:00');
INSERT INTO sessions VALUES(37,20,37,NULL,'active','2025-10-09 16:55:11',NULL,'2025-10-09 17:02:32');
INSERT INTO sessions VALUES(38,20,38,NULL,'active','2025-10-09 17:02:14',NULL,'2025-10-09 17:02:46');
INSERT INTO sessions VALUES(39,20,39,NULL,'active','2025-10-09 17:06:23',NULL,'2025-10-09 17:07:12');
INSERT INTO sessions VALUES(40,20,40,NULL,'active','2025-10-09 17:14:49',NULL,'2025-10-09 17:14:49');
INSERT INTO sessions VALUES(41,20,41,NULL,'active','2025-10-09 17:16:34',NULL,'2025-10-09 17:16:34');
INSERT INTO sessions VALUES(42,20,42,NULL,'active','2025-10-09 17:19:01',NULL,'2025-10-09 17:19:04');
INSERT INTO sessions VALUES(43,20,43,NULL,'active','2025-10-09 17:23:11',NULL,'2025-10-09 17:23:11');
INSERT INTO sessions VALUES(44,20,44,NULL,'active','2025-10-09 17:23:12',NULL,'2025-10-09 17:23:19');
INSERT INTO sessions VALUES(45,20,45,NULL,'active','2025-10-09 17:24:44',NULL,'2025-10-09 17:51:20');
INSERT INTO sessions VALUES(46,20,46,NULL,'active','2025-10-09 17:51:29',NULL,'2025-10-09 18:11:02');
INSERT INTO sessions VALUES(47,20,47,NULL,'active','2025-10-09 18:07:37',NULL,'2025-10-09 18:11:32');
INSERT INTO sessions VALUES(48,20,48,NULL,'active','2025-10-09 18:18:57',NULL,'2025-10-09 18:18:57');
INSERT INTO sessions VALUES(49,20,49,NULL,'active','2025-10-09 18:21:47',NULL,'2025-10-09 18:21:51');
INSERT INTO sessions VALUES(50,20,50,NULL,'active','2025-10-09 18:54:25',NULL,'2025-10-09 18:54:25');
INSERT INTO sessions VALUES(51,20,51,NULL,'active','2025-10-10 09:08:14',NULL,'2025-10-10 09:08:14');
INSERT INTO sessions VALUES(52,20,52,NULL,'active','2025-10-10 09:08:29',NULL,'2025-10-10 09:08:29');
INSERT INTO sessions VALUES(53,20,53,NULL,'active','2025-10-10 09:08:44',NULL,'2025-10-10 09:08:44');
INSERT INTO sessions VALUES(54,20,54,NULL,'active','2025-10-10 09:09:04',NULL,'2025-10-10 09:09:04');
INSERT INTO sessions VALUES(55,20,55,NULL,'active','2025-10-10 09:09:56',NULL,'2025-10-10 09:09:56');
INSERT INTO sessions VALUES(56,20,56,NULL,'active','2025-10-10 09:10:06',NULL,'2025-10-10 09:10:06');
INSERT INTO sessions VALUES(57,20,57,NULL,'active','2025-10-10 09:12:43',NULL,'2025-10-10 09:12:43');
INSERT INTO sessions VALUES(58,20,58,NULL,'active','2025-10-10 09:12:56',NULL,'2025-10-10 09:13:50');
INSERT INTO sessions VALUES(59,20,59,NULL,'active','2025-10-10 09:38:08',NULL,'2025-10-10 09:38:08');
INSERT INTO sessions VALUES(60,20,60,NULL,'active','2025-10-10 09:47:50',NULL,'2025-10-10 09:47:50');
INSERT INTO sessions VALUES(61,20,61,NULL,'active','2025-10-10 09:54:08',NULL,'2025-10-10 09:54:22');
INSERT INTO sessions VALUES(62,20,62,NULL,'active','2025-10-10 09:57:04',NULL,'2025-10-10 09:58:17');
INSERT INTO sessions VALUES(63,20,63,NULL,'active','2025-10-10 10:11:07',NULL,'2025-10-10 10:11:07');
INSERT INTO sessions VALUES(64,20,64,NULL,'active','2025-10-10 10:11:37',NULL,'2025-10-10 10:11:37');
INSERT INTO sessions VALUES(65,20,65,NULL,'active','2025-10-10 10:16:34',NULL,'2025-10-10 10:16:53');
INSERT INTO sessions VALUES(66,20,66,NULL,'active','2025-10-10 10:23:06',NULL,'2025-10-10 10:23:06');
INSERT INTO sessions VALUES(67,20,67,NULL,'active','2025-10-10 10:42:06',NULL,'2025-10-10 10:42:22');
INSERT INTO sessions VALUES(68,20,68,NULL,'active','2025-10-10 10:42:48',NULL,'2025-10-10 10:42:48');
INSERT INTO sessions VALUES(69,20,69,NULL,'active','2025-10-10 10:43:23',NULL,'2025-10-10 10:43:23');
INSERT INTO sessions VALUES(70,20,70,NULL,'active','2025-10-10 10:51:39',NULL,'2025-10-10 10:55:47');
INSERT INTO sessions VALUES(71,20,71,NULL,'active','2025-10-10 11:06:03',NULL,'2025-10-10 11:06:03');
INSERT INTO sessions VALUES(72,20,72,NULL,'active','2025-10-10 11:15:29',NULL,'2025-10-10 11:15:29');
INSERT INTO sessions VALUES(73,20,73,NULL,'active','2025-10-10 11:21:49',NULL,'2025-10-10 11:21:49');
INSERT INTO sessions VALUES(74,20,74,NULL,'active','2025-10-10 11:21:55',NULL,'2025-10-10 11:21:55');
INSERT INTO sessions VALUES(75,20,75,NULL,'active','2025-10-10 11:22:07',NULL,'2025-10-10 11:22:07');
INSERT INTO sessions VALUES(76,20,76,NULL,'active','2025-10-10 11:22:13',NULL,'2025-10-10 11:22:13');
INSERT INTO sessions VALUES(77,20,77,NULL,'active','2025-10-10 11:22:33',NULL,'2025-10-10 11:22:33');
INSERT INTO sessions VALUES(78,20,78,NULL,'active','2025-10-10 11:22:40',NULL,'2025-10-10 11:22:40');
INSERT INTO sessions VALUES(79,20,79,NULL,'active','2025-10-10 11:27:54',NULL,'2025-10-10 11:27:54');
INSERT INTO sessions VALUES(80,20,80,NULL,'active','2025-10-10 11:28:54',NULL,'2025-10-10 11:28:54');
INSERT INTO sessions VALUES(81,20,81,NULL,'active','2025-10-10 11:33:38',NULL,'2025-10-10 11:33:38');
INSERT INTO sessions VALUES(82,20,82,NULL,'active','2025-10-10 11:39:30',NULL,'2025-10-10 11:39:30');
INSERT INTO sessions VALUES(83,20,83,NULL,'active','2025-10-10 11:46:37',NULL,'2025-10-10 11:46:37');
INSERT INTO sessions VALUES(84,20,84,NULL,'active','2025-10-10 11:47:52',NULL,'2025-10-10 11:47:52');
INSERT INTO sessions VALUES(85,20,85,NULL,'active','2025-10-10 11:48:36',NULL,'2025-10-10 11:48:36');
INSERT INTO sessions VALUES(86,20,86,NULL,'active','2025-10-10 11:49:14',NULL,'2025-10-10 11:49:14');
INSERT INTO sessions VALUES(87,20,87,NULL,'active','2025-10-10 11:54:40',NULL,'2025-10-10 11:54:40');
INSERT INTO sessions VALUES(88,20,88,NULL,'active','2025-10-10 11:55:56',NULL,'2025-10-10 11:55:56');
INSERT INTO sessions VALUES(89,20,89,NULL,'active','2025-10-10 11:56:24',NULL,'2025-10-10 11:56:24');
INSERT INTO sessions VALUES(90,20,90,NULL,'active','2025-10-10 12:51:30',NULL,'2025-10-10 12:51:30');
INSERT INTO sessions VALUES(91,20,91,NULL,'active','2025-10-10 12:51:33',NULL,'2025-10-10 12:51:33');
INSERT INTO sessions VALUES(92,20,92,NULL,'active','2025-10-10 12:51:46',NULL,'2025-10-10 12:51:46');
INSERT INTO sessions VALUES(93,20,93,NULL,'active','2025-10-10 12:51:55',NULL,'2025-10-10 12:51:55');
INSERT INTO sessions VALUES(94,20,94,NULL,'active','2025-10-10 12:52:15',NULL,'2025-10-10 12:52:15');
INSERT INTO sessions VALUES(95,20,95,NULL,'active','2025-10-10 12:55:01',NULL,'2025-10-10 12:55:01');
INSERT INTO sessions VALUES(96,20,96,NULL,'active','2025-10-10 12:55:13',NULL,'2025-10-10 12:55:13');
INSERT INTO sessions VALUES(97,20,97,NULL,'active','2025-10-10 18:59:50',NULL,'2025-10-10 18:59:50');
INSERT INTO sessions VALUES(98,20,98,NULL,'active','2025-10-10 19:09:19',NULL,'2025-10-10 19:12:21');
INSERT INTO sessions VALUES(99,20,99,NULL,'active','2025-10-10 19:12:29',NULL,'2025-10-10 19:19:02');
INSERT INTO sessions VALUES(100,20,100,NULL,'active','2025-10-10 19:19:39',NULL,'2025-10-10 19:21:33');
INSERT INTO sessions VALUES(101,20,101,NULL,'active','2025-10-10 19:21:48',NULL,'2025-10-10 19:22:19');
INSERT INTO sessions VALUES(102,20,102,NULL,'active','2025-10-10 19:29:18',NULL,'2025-10-10 19:30:58');
INSERT INTO sessions VALUES(103,20,103,NULL,'active','2025-10-10 19:34:26',NULL,'2025-10-10 19:38:28');
INSERT INTO sessions VALUES(104,20,104,NULL,'active','2025-10-10 19:38:52',NULL,'2025-10-10 19:43:21');
INSERT INTO sessions VALUES(105,20,105,NULL,'active','2025-10-10 19:43:25',NULL,'2025-10-10 19:43:25');
INSERT INTO sessions VALUES(106,20,106,NULL,'active','2025-10-10 19:47:15',NULL,'2025-10-10 19:52:41');
INSERT INTO sessions VALUES(107,20,107,NULL,'active','2025-10-10 19:52:59',NULL,'2025-10-10 19:56:14');
INSERT INTO sessions VALUES(108,20,108,NULL,'active','2025-10-10 19:58:08',NULL,'2025-10-10 20:01:07');
INSERT INTO sessions VALUES(109,20,109,NULL,'active','2025-10-10 20:05:10',NULL,'2025-10-10 20:05:10');
INSERT INTO sessions VALUES(110,20,110,NULL,'active','2025-10-10 20:08:20',NULL,'2025-10-10 20:09:10');
INSERT INTO sessions VALUES(111,20,111,NULL,'active','2025-10-10 20:11:45',NULL,'2025-10-10 20:11:45');
INSERT INTO sessions VALUES(112,20,112,NULL,'active','2025-10-10 20:12:36',NULL,'2025-10-10 20:12:36');
INSERT INTO sessions VALUES(113,20,113,NULL,'active','2025-10-10 20:12:53',NULL,'2025-10-10 20:12:53');
INSERT INTO sessions VALUES(114,20,114,NULL,'active','2025-10-10 20:12:59',NULL,'2025-10-10 20:12:59');
INSERT INTO sessions VALUES(115,20,115,NULL,'active','2025-10-10 20:13:29',NULL,'2025-10-10 20:13:29');
INSERT INTO sessions VALUES(116,20,116,NULL,'active','2025-10-10 20:14:17',NULL,'2025-10-10 20:14:17');
INSERT INTO sessions VALUES(117,20,117,NULL,'active','2025-10-10 20:14:33',NULL,'2025-10-10 20:14:33');
INSERT INTO sessions VALUES(118,20,118,NULL,'active','2025-10-10 20:15:06',NULL,'2025-10-10 20:15:06');
INSERT INTO sessions VALUES(119,20,119,NULL,'active','2025-10-10 20:18:02',NULL,'2025-10-10 20:18:02');
INSERT INTO sessions VALUES(120,20,120,NULL,'active','2025-10-10 20:18:06',NULL,'2025-10-10 20:18:06');
INSERT INTO sessions VALUES(121,20,121,NULL,'active','2025-10-10 20:18:46',NULL,'2025-10-10 20:18:46');
INSERT INTO sessions VALUES(122,20,122,NULL,'active','2025-10-10 20:19:50',NULL,'2025-10-10 20:19:50');
INSERT INTO sessions VALUES(123,20,123,NULL,'active','2025-10-10 20:22:22',NULL,'2025-10-10 20:22:22');
INSERT INTO sessions VALUES(124,20,124,NULL,'active','2025-10-10 20:22:36',NULL,'2025-10-10 20:22:36');
INSERT INTO sessions VALUES(125,20,125,NULL,'active','2025-10-10 20:25:05',NULL,'2025-10-10 20:25:05');
INSERT INTO sessions VALUES(126,20,126,NULL,'active','2025-10-10 20:29:38',NULL,'2025-10-10 20:29:38');
INSERT INTO sessions VALUES(127,20,127,NULL,'active','2025-10-10 20:31:45',NULL,'2025-10-10 20:31:45');
INSERT INTO sessions VALUES(128,20,128,NULL,'active','2025-10-10 20:34:13',NULL,'2025-10-10 20:34:13');
INSERT INTO sessions VALUES(129,20,129,NULL,'active','2025-10-10 20:36:45',NULL,'2025-10-10 20:36:45');
INSERT INTO sessions VALUES(130,20,130,NULL,'active','2025-10-10 20:38:55',NULL,'2025-10-10 20:38:55');
INSERT INTO sessions VALUES(131,20,131,NULL,'active','2025-10-10 20:39:02',NULL,'2025-10-10 20:39:02');
INSERT INTO sessions VALUES(132,20,132,NULL,'active','2025-10-10 20:39:06',NULL,'2025-10-10 20:39:06');
INSERT INTO sessions VALUES(133,20,133,NULL,'active','2025-10-10 20:40:46',NULL,'2025-10-10 20:40:46');
INSERT INTO sessions VALUES(134,20,134,NULL,'active','2025-10-10 20:42:25',NULL,'2025-10-10 20:42:25');
INSERT INTO sessions VALUES(135,20,135,NULL,'active','2025-10-10 20:43:14',NULL,'2025-10-10 20:43:14');
INSERT INTO sessions VALUES(136,20,136,NULL,'active','2025-10-10 20:44:37',NULL,'2025-10-10 20:44:37');
INSERT INTO sessions VALUES(137,20,137,NULL,'active','2025-10-10 20:46:26',NULL,'2025-10-10 20:46:26');
INSERT INTO sessions VALUES(138,20,138,NULL,'active','2025-10-10 20:50:06',NULL,'2025-10-10 20:50:06');
INSERT INTO sessions VALUES(139,20,139,NULL,'active','2025-10-10 20:51:31',NULL,'2025-10-10 20:51:31');
INSERT INTO sessions VALUES(140,20,140,NULL,'active','2025-10-10 20:52:01',NULL,'2025-10-10 20:52:01');
INSERT INTO sessions VALUES(141,20,141,NULL,'active','2025-10-10 20:52:05',NULL,'2025-10-10 20:52:05');
INSERT INTO sessions VALUES(142,20,142,NULL,'active','2025-10-10 20:52:38',NULL,'2025-10-10 20:52:38');
INSERT INTO sessions VALUES(143,20,143,NULL,'active','2025-10-10 20:53:51',NULL,'2025-10-10 20:53:51');
INSERT INTO sessions VALUES(144,20,144,NULL,'active','2025-10-10 20:54:40',NULL,'2025-10-10 20:54:40');
INSERT INTO sessions VALUES(145,20,145,NULL,'active','2025-10-10 20:55:25',NULL,'2025-10-10 20:55:25');
INSERT INTO sessions VALUES(146,20,146,NULL,'active','2025-10-10 20:56:08',NULL,'2025-10-10 20:56:08');
INSERT INTO sessions VALUES(147,20,147,NULL,'active','2025-10-10 20:59:01',NULL,'2025-10-10 20:59:01');
INSERT INTO sessions VALUES(148,20,148,NULL,'active','2025-10-10 21:00:01',NULL,'2025-10-10 21:00:01');
INSERT INTO sessions VALUES(149,20,149,NULL,'active','2025-10-10 21:00:17',NULL,'2025-10-10 21:00:17');
INSERT INTO sessions VALUES(150,20,150,NULL,'active','2025-10-10 21:00:29',NULL,'2025-10-10 21:00:29');
INSERT INTO sessions VALUES(151,20,151,NULL,'active','2025-10-10 21:00:41',NULL,'2025-10-10 21:00:41');
INSERT INTO sessions VALUES(152,20,152,NULL,'active','2025-10-10 21:02:06',NULL,'2025-10-10 21:02:06');
INSERT INTO sessions VALUES(153,20,153,NULL,'active','2025-10-10 21:04:32',NULL,'2025-10-10 21:04:32');
INSERT INTO sessions VALUES(154,20,154,NULL,'active','2025-10-10 21:06:16',NULL,'2025-10-10 21:06:16');
INSERT INTO sessions VALUES(155,20,155,NULL,'active','2025-10-10 21:08:41',NULL,'2025-10-10 21:09:07');
INSERT INTO sessions VALUES(156,20,156,NULL,'active','2025-10-10 21:13:00',NULL,'2025-10-10 21:13:00');
INSERT INTO sessions VALUES(157,20,157,NULL,'active','2025-10-10 21:13:14',NULL,'2025-10-10 21:13:14');
INSERT INTO sessions VALUES(158,20,158,NULL,'active','2025-10-10 21:13:20',NULL,'2025-10-10 21:13:20');
INSERT INTO sessions VALUES(159,20,159,NULL,'active','2025-10-10 21:13:24',NULL,'2025-10-10 21:13:24');
INSERT INTO sessions VALUES(160,20,160,NULL,'active','2025-10-10 21:14:34',NULL,'2025-10-10 21:14:34');
INSERT INTO sessions VALUES(161,20,161,NULL,'active','2025-10-11 06:24:49',NULL,'2025-10-11 06:24:49');
INSERT INTO sessions VALUES(162,20,162,NULL,'active','2025-10-11 07:52:53',NULL,'2025-10-11 07:53:20');
INSERT INTO sessions VALUES(163,20,163,NULL,'active','2025-10-11 08:35:46',NULL,'2025-10-11 08:35:46');
INSERT INTO sessions VALUES(164,20,164,NULL,'active','2025-10-11 08:57:18',NULL,'2025-10-11 08:57:18');
INSERT INTO sessions VALUES(165,20,165,NULL,'active','2025-10-11 08:57:30',NULL,'2025-10-11 08:57:30');
INSERT INTO sessions VALUES(166,20,166,NULL,'active','2025-10-11 08:58:01',NULL,'2025-10-11 08:58:01');
INSERT INTO sessions VALUES(167,20,167,NULL,'active','2025-10-11 09:05:16',NULL,'2025-10-11 09:05:16');
INSERT INTO sessions VALUES(168,20,168,NULL,'active','2025-10-11 09:05:29',NULL,'2025-10-11 09:05:29');
INSERT INTO sessions VALUES(169,20,169,NULL,'active','2025-10-11 09:05:41',NULL,'2025-10-11 09:05:41');
INSERT INTO sessions VALUES(170,20,170,NULL,'active','2025-10-11 09:05:44',NULL,'2025-10-11 09:05:44');
INSERT INTO sessions VALUES(171,20,171,NULL,'active','2025-10-11 09:05:49',NULL,'2025-10-11 09:05:49');
INSERT INTO sessions VALUES(172,20,172,NULL,'active','2025-10-11 09:05:57',NULL,'2025-10-11 09:05:57');
INSERT INTO sessions VALUES(173,20,173,NULL,'active','2025-10-11 09:05:58',NULL,'2025-10-11 09:05:58');
INSERT INTO sessions VALUES(174,20,174,NULL,'active','2025-10-11 09:05:59',NULL,'2025-10-11 09:05:59');
INSERT INTO sessions VALUES(175,20,175,NULL,'active','2025-10-11 09:06:56',NULL,'2025-10-11 09:06:56');
INSERT INTO sessions VALUES(176,20,176,NULL,'active','2025-10-11 09:07:39',NULL,'2025-10-11 09:07:39');
INSERT INTO sessions VALUES(177,20,177,NULL,'active','2025-10-11 09:07:59',NULL,'2025-10-11 09:07:59');
INSERT INTO sessions VALUES(178,20,178,NULL,'active','2025-10-11 09:13:14',NULL,'2025-10-11 09:13:14');
INSERT INTO sessions VALUES(179,20,179,NULL,'active','2025-10-11 09:19:09',NULL,'2025-10-11 09:19:09');
INSERT INTO sessions VALUES(180,20,180,NULL,'active','2025-10-11 09:25:40',NULL,'2025-10-11 09:25:40');
INSERT INTO sessions VALUES(181,20,181,NULL,'active','2025-10-11 09:34:05',NULL,'2025-10-11 09:34:05');
INSERT INTO sessions VALUES(182,20,182,NULL,'active','2025-10-11 09:34:21',NULL,'2025-10-11 09:34:21');
INSERT INTO sessions VALUES(183,20,183,NULL,'active','2025-10-11 09:41:05',NULL,'2025-10-11 09:41:05');
INSERT INTO sessions VALUES(184,20,184,NULL,'active','2025-10-11 09:41:29',NULL,'2025-10-11 09:41:29');
INSERT INTO sessions VALUES(185,20,185,NULL,'active','2025-10-11 09:48:44',NULL,'2025-10-11 09:48:44');
INSERT INTO sessions VALUES(186,20,186,NULL,'active','2025-10-11 09:49:13',NULL,'2025-10-11 09:49:13');
INSERT INTO sessions VALUES(187,20,187,NULL,'active','2025-10-11 09:56:15',NULL,'2025-10-11 09:56:15');
INSERT INTO sessions VALUES(188,20,188,NULL,'active','2025-10-11 09:56:25',NULL,'2025-10-11 09:56:25');
INSERT INTO sessions VALUES(189,20,189,NULL,'active','2025-10-11 09:57:04',NULL,'2025-10-11 09:57:04');
INSERT INTO sessions VALUES(190,20,190,NULL,'active','2025-10-11 10:10:04',NULL,'2025-10-11 10:10:04');
INSERT INTO sessions VALUES(191,20,191,NULL,'active','2025-10-11 10:18:44',NULL,'2025-10-11 10:18:44');
INSERT INTO sessions VALUES(192,20,192,NULL,'active','2025-10-11 10:27:19',NULL,'2025-10-11 10:27:19');
INSERT INTO sessions VALUES(193,20,193,NULL,'active','2025-10-11 10:34:09',NULL,'2025-10-11 10:34:09');
INSERT INTO sessions VALUES(194,20,194,NULL,'active','2025-10-11 10:34:57',NULL,'2025-10-11 10:34:57');
INSERT INTO sessions VALUES(195,20,195,NULL,'active','2025-10-11 10:56:06',NULL,'2025-10-11 10:56:06');
INSERT INTO sessions VALUES(196,20,196,NULL,'active','2025-10-11 11:08:56',NULL,'2025-10-11 11:08:56');
INSERT INTO sessions VALUES(197,20,197,NULL,'active','2025-10-11 12:50:41',NULL,'2025-10-11 12:50:41');
INSERT INTO sessions VALUES(198,20,198,NULL,'active','2025-10-11 12:50:50',NULL,'2025-10-11 12:50:50');
INSERT INTO sessions VALUES(199,20,199,NULL,'active','2025-10-11 12:52:18',NULL,'2025-10-11 12:52:18');
INSERT INTO sessions VALUES(200,20,200,NULL,'active','2025-10-11 12:53:27',NULL,'2025-10-11 12:54:56');
INSERT INTO sessions VALUES(201,20,201,NULL,'active','2025-10-11 12:57:08',NULL,'2025-10-11 13:03:44');
INSERT INTO sessions VALUES(202,20,202,NULL,'active','2025-10-11 17:02:24',NULL,'2025-10-11 17:02:24');
INSERT INTO sessions VALUES(203,20,203,NULL,'active','2025-10-11 17:07:53',NULL,'2025-10-11 17:07:53');
INSERT INTO sessions VALUES(204,20,204,NULL,'active','2025-10-11 18:41:09',NULL,'2025-10-11 18:41:09');
INSERT INTO sessions VALUES(205,20,205,NULL,'active','2025-10-11 18:42:19',NULL,'2025-10-11 18:42:19');
INSERT INTO sessions VALUES(206,20,206,NULL,'active','2025-10-11 18:42:52',NULL,'2025-10-11 18:42:52');
INSERT INTO sessions VALUES(207,20,207,NULL,'active','2025-10-11 18:47:40',NULL,'2025-10-11 18:47:40');
INSERT INTO sessions VALUES(208,20,208,NULL,'active','2025-10-11 18:58:17',NULL,'2025-10-11 18:58:17');
INSERT INTO sessions VALUES(209,20,209,NULL,'active','2025-10-11 18:58:34',NULL,'2025-10-11 19:01:17');
INSERT INTO sessions VALUES(210,20,210,NULL,'active','2025-10-11 19:04:14',NULL,'2025-10-11 19:04:20');
INSERT INTO sessions VALUES(211,20,211,NULL,'active','2025-10-11 19:07:56',NULL,'2025-10-11 19:07:56');
INSERT INTO sessions VALUES(212,20,212,NULL,'active','2025-10-11 19:11:26',NULL,'2025-10-11 19:14:50');
INSERT INTO sessions VALUES(213,20,213,NULL,'active','2025-10-11 19:17:37',NULL,'2025-10-11 19:17:37');
INSERT INTO sessions VALUES(214,20,214,NULL,'active','2025-10-11 19:20:33',NULL,'2025-10-11 19:21:05');
INSERT INTO sessions VALUES(215,20,215,NULL,'active','2025-10-11 19:24:55',NULL,'2025-10-11 19:25:55');
INSERT INTO sessions VALUES(216,20,216,NULL,'active','2025-10-11 19:34:49',NULL,'2025-10-11 19:34:49');
INSERT INTO sessions VALUES(217,20,217,NULL,'active','2025-10-11 19:39:59',NULL,'2025-10-11 19:46:52');
INSERT INTO sessions VALUES(218,20,218,NULL,'active','2025-10-11 19:44:31',NULL,'2025-10-11 19:44:37');
INSERT INTO sessions VALUES(219,20,219,NULL,'active','2025-10-11 19:45:47',NULL,'2025-10-11 19:45:47');
INSERT INTO sessions VALUES(220,20,220,NULL,'active','2025-10-11 19:46:04',NULL,'2025-10-11 19:48:02');
INSERT INTO sessions VALUES(221,20,221,NULL,'active','2025-10-11 19:51:08',NULL,'2025-10-11 19:51:56');
INSERT INTO sessions VALUES(222,20,222,NULL,'active','2025-10-11 19:53:10',NULL,'2025-10-11 19:58:00');
INSERT INTO sessions VALUES(223,20,223,NULL,'active','2025-10-11 19:59:42',NULL,'2025-10-11 19:59:42');
INSERT INTO sessions VALUES(224,20,224,NULL,'active','2025-10-11 20:01:30',NULL,'2025-10-11 20:06:16');
INSERT INTO sessions VALUES(225,20,225,NULL,'active','2025-10-11 20:12:58',NULL,'2025-10-11 20:14:41');
INSERT INTO sessions VALUES(226,20,226,NULL,'active','2025-10-11 20:17:52',NULL,'2025-10-11 20:17:52');
INSERT INTO sessions VALUES(227,20,227,NULL,'active','2025-10-11 20:24:09',NULL,'2025-10-11 20:24:09');
INSERT INTO sessions VALUES(228,20,228,NULL,'active','2025-10-11 20:36:44',NULL,'2025-10-11 20:36:44');
INSERT INTO sessions VALUES(229,20,229,NULL,'active','2025-10-11 20:36:46',NULL,'2025-10-11 20:39:29');
INSERT INTO sessions VALUES(230,20,230,NULL,'active','2025-10-11 20:38:18',NULL,'2025-10-11 20:38:18');
INSERT INTO sessions VALUES(231,20,231,NULL,'active','2025-10-11 20:39:28',NULL,'2025-10-11 20:39:43');
INSERT INTO sessions VALUES(232,20,232,NULL,'active','2025-10-11 20:43:11',NULL,'2025-10-11 20:43:30');
INSERT INTO sessions VALUES(233,20,233,NULL,'active','2025-10-11 20:47:19',NULL,'2025-10-11 20:47:41');
INSERT INTO sessions VALUES(234,20,234,NULL,'active','2025-10-11 20:53:41',NULL,'2025-10-11 20:53:41');
INSERT INTO sessions VALUES(235,20,235,NULL,'active','2025-10-12 05:47:22',NULL,'2025-10-12 05:49:05');
INSERT INTO sessions VALUES(236,20,236,NULL,'active','2025-10-12 06:05:00',NULL,'2025-10-12 06:19:31');
INSERT INTO sessions VALUES(237,20,237,NULL,'active','2025-10-12 06:10:43',NULL,'2025-10-12 06:10:47');
INSERT INTO sessions VALUES(238,20,238,NULL,'active','2025-10-12 06:11:44',NULL,'2025-10-12 06:13:02');
INSERT INTO sessions VALUES(239,20,239,NULL,'active','2025-10-12 06:14:02',NULL,'2025-10-12 06:14:10');
INSERT INTO sessions VALUES(240,20,240,NULL,'active','2025-10-12 06:18:22',NULL,'2025-10-12 06:19:56');
INSERT INTO sessions VALUES(241,20,241,NULL,'active','2025-10-12 06:23:56',NULL,'2025-10-12 06:24:00');
INSERT INTO sessions VALUES(242,20,242,NULL,'active','2025-10-12 06:28:02',NULL,'2025-10-12 06:34:39');
INSERT INTO sessions VALUES(243,20,243,NULL,'active','2025-10-12 06:36:57',NULL,'2025-10-12 06:37:41');
INSERT INTO sessions VALUES(244,20,244,NULL,'active','2025-10-12 06:44:04',NULL,'2025-10-12 06:44:14');
INSERT INTO sessions VALUES(245,20,245,NULL,'active','2025-10-12 06:47:16',NULL,'2025-10-12 06:47:20');
INSERT INTO sessions VALUES(246,20,246,NULL,'active','2025-10-12 06:48:50',NULL,'2025-10-12 06:52:55');
INSERT INTO sessions VALUES(247,20,247,NULL,'active','2025-10-12 17:37:38',NULL,'2025-10-12 17:38:35');
INSERT INTO sessions VALUES(248,20,248,NULL,'active','2025-10-12 17:39:47',NULL,'2025-10-12 17:39:51');
INSERT INTO sessions VALUES(249,20,249,NULL,'active','2025-10-13 04:45:17',NULL,'2025-10-13 04:45:17');
INSERT INTO sessions VALUES(250,20,250,NULL,'active','2025-10-13 07:07:35',NULL,'2025-10-13 07:08:12');
INSERT INTO sessions VALUES(251,20,251,NULL,'active','2025-10-13 07:09:01',NULL,'2025-10-13 07:13:01');
INSERT INTO sessions VALUES(252,20,252,NULL,'active','2025-10-13 07:36:30',NULL,'2025-10-13 08:11:32');
INSERT INTO sessions VALUES(253,20,253,NULL,'active','2025-10-13 08:11:44',NULL,'2025-10-13 08:13:29');
INSERT INTO sessions VALUES(254,20,254,NULL,'active','2025-10-13 08:14:25',NULL,'2025-10-13 08:16:15');
INSERT INTO sessions VALUES(255,20,255,NULL,'active','2025-10-13 08:19:08',NULL,'2025-10-13 08:21:17');
INSERT INTO sessions VALUES(256,20,256,NULL,'active','2025-10-13 08:30:58',NULL,'2025-10-13 08:31:47');
INSERT INTO sessions VALUES(257,20,257,NULL,'active','2025-10-13 08:32:15',NULL,'2025-10-13 08:32:41');
INSERT INTO sessions VALUES(258,20,258,NULL,'active','2025-10-13 08:37:23',NULL,'2025-10-13 08:37:58');
INSERT INTO sessions VALUES(259,20,259,NULL,'active','2025-10-13 08:38:32',NULL,'2025-10-13 08:45:03');
INSERT INTO sessions VALUES(260,20,260,NULL,'active','2025-10-13 08:45:25',NULL,'2025-10-13 08:46:06');
INSERT INTO sessions VALUES(261,20,261,NULL,'active','2025-10-13 08:50:43',NULL,'2025-10-13 08:53:42');
INSERT INTO sessions VALUES(262,20,262,NULL,'active','2025-10-13 09:01:08',NULL,'2025-10-13 09:06:43');
INSERT INTO sessions VALUES(263,20,263,NULL,'active','2025-10-13 09:11:35',NULL,'2025-10-13 09:12:33');
INSERT INTO sessions VALUES(264,20,264,NULL,'active','2025-10-13 09:12:38',NULL,'2025-10-13 09:12:38');
INSERT INTO sessions VALUES(265,20,265,NULL,'active','2025-10-13 09:14:56',NULL,'2025-10-13 09:23:50');
INSERT INTO sessions VALUES(266,20,266,NULL,'active','2025-10-13 09:21:47',NULL,'2025-10-13 09:24:21');
CREATE TABLE messages (
    id INTEGER PRIMARY KEY AUTOINCREMENT,
    session_id INTEGER NOT NULL,
    sender_type VARCHAR(10) NOT NULL,
    sender_id INTEGER,
    content TEXT NOT NULL,
    message_type VARCHAR(20) DEFAULT 'text',
    file_url VARCHAR(255),
    status VARCHAR(20) DEFAULT 'sent',
    created_at DATETIME DEFAULT CURRENT_TIMESTAMP, sender_name TEXT, rich_content TEXT, metadata TEXT, reply_to INTEGER, is_read BOOLEAN NOT NULL DEFAULT 0, read_at TIMESTAMP, is_deleted BOOLEAN NOT NULL DEFAULT 0, deleted_at TIMESTAMP, updated_at TIMESTAMP,
    FOREIGN KEY (session_id) REFERENCES sessions(id)
);
INSERT INTO messages VALUES(1,1,'customer',NULL,'鍚庣閫氬悧锛?,'text',NULL,'sent','2025-10-08 18:40:44',NULL,NULL,NULL,NULL,0,NULL,0,NULL,NULL);
INSERT INTO messages VALUES(2,2,'customer',NULL,'鍚庣閫氬悧锛?,'text',NULL,'sent','2025-10-08 18:41:17',NULL,NULL,NULL,NULL,0,NULL,0,NULL,NULL);
INSERT INTO messages VALUES(3,3,'customer',NULL,'鍚庣閫氬悧锛?,'text',NULL,'sent','2025-10-08 18:41:52',NULL,NULL,NULL,NULL,0,NULL,0,NULL,NULL);
INSERT INTO messages VALUES(4,3,'staff',10,'鏀跺埌鍟?(from smoke test)','text',NULL,'sent','2025-10-08 18:41:52',NULL,NULL,NULL,NULL,0,NULL,0,NULL,NULL);
INSERT INTO messages VALUES(5,4,'customer',NULL,'鍚庣閫氬悧锛?,'text',NULL,'sent','2025-10-08 18:45:38',NULL,NULL,NULL,NULL,0,NULL,0,NULL,NULL);
INSERT INTO messages VALUES(6,4,'staff',10,'鏀跺埌鍟?(from smoke test)','text',NULL,'sent','2025-10-08 18:45:38',NULL,NULL,NULL,NULL,0,NULL,0,NULL,NULL);
INSERT INTO messages VALUES(7,4,'staff',2,'123123','text',NULL,'sent','2025-10-09 09:03:13',NULL,NULL,NULL,NULL,0,NULL,0,NULL,NULL);
INSERT INTO messages VALUES(8,5,'customer',NULL,'娴嬭瘯娑堟伅','text',NULL,'sent','2025-10-09 12:50:19',NULL,NULL,NULL,NULL,0,NULL,0,NULL,NULL);
INSERT INTO messages VALUES(9,7,'customer',NULL,'钀ㄨ姮澶ц嫃鎵?,'text',NULL,'sent','2025-10-09 13:00:06',NULL,NULL,NULL,NULL,0,NULL,0,NULL,NULL);
INSERT INTO messages VALUES(10,7,'customer',NULL,'闃挎柉椤挎拻鎵撶畻','text',NULL,'sent','2025-10-09 13:00:11',NULL,NULL,NULL,NULL,0,NULL,0,NULL,NULL);
INSERT INTO messages VALUES(11,7,'staff',12,'鍟婂疄鎵撳疄澶ц嫃鎵?,'text',NULL,'sent','2025-10-09 13:00:25',NULL,NULL,NULL,NULL,0,NULL,0,NULL,NULL);
INSERT INTO messages VALUES(12,8,'customer',NULL,'鍝堝搱鍝?,'text',NULL,'sent','2025-10-09 13:13:56',NULL,NULL,NULL,NULL,0,NULL,0,NULL,NULL);
INSERT INTO messages VALUES(13,8,'staff',12,'123','text',NULL,'sent','2025-10-09 13:26:08',NULL,NULL,NULL,NULL,0,NULL,0,NULL,NULL);
INSERT INTO messages VALUES(14,8,'staff',11,'123','text',NULL,'sent','2025-10-09 13:49:52',NULL,NULL,NULL,NULL,0,NULL,0,NULL,NULL);
INSERT INTO messages VALUES(15,9,'customer',NULL,'123','text',NULL,'sent','2025-10-09 13:51:12',NULL,NULL,NULL,NULL,0,NULL,0,NULL,NULL);
INSERT INTO messages VALUES(16,12,'customer',NULL,'123','text',NULL,'sent','2025-10-09 15:34:54',NULL,NULL,NULL,NULL,0,NULL,0,NULL,NULL);
INSERT INTO messages VALUES(17,12,'staff',11,'123','text',NULL,'sent','2025-10-09 15:35:01',NULL,NULL,NULL,NULL,0,NULL,0,NULL,NULL);
INSERT INTO messages VALUES(18,12,'staff',11,'123','text',NULL,'sent','2025-10-09 15:35:12',NULL,NULL,NULL,NULL,0,NULL,0,NULL,NULL);
INSERT INTO messages VALUES(19,13,'customer',NULL,'123','text',NULL,'sent','2025-10-09 16:02:34',NULL,NULL,NULL,NULL,0,NULL,0,NULL,NULL);
INSERT INTO messages VALUES(20,13,'customer',NULL,'df2d8eb8-ee5a-4fa5-9f50-074866e7bba3.png','image',NULL,'sent','2025-10-09 16:02:37',NULL,NULL,NULL,NULL,0,NULL,0,NULL,NULL);
INSERT INTO messages VALUES(21,13,'staff',11,'123','text',NULL,'sent','2025-10-09 16:04:40',NULL,NULL,NULL,NULL,0,NULL,0,NULL,NULL);
INSERT INTO messages VALUES(22,15,'customer',NULL,'df2d8eb8-ee5a-4fa5-9f50-074866e7bba3.png','image',NULL,'sent','2025-10-09 16:07:38',NULL,NULL,NULL,NULL,0,NULL,0,NULL,NULL);
INSERT INTO messages VALUES(23,17,'customer',NULL,'123','text',NULL,'sent','2025-10-09 16:12:29',NULL,NULL,NULL,NULL,0,NULL,0,NULL,NULL);
INSERT INTO messages VALUES(24,17,'customer',NULL,'df2d8eb8-ee5a-4fa5-9f50-074866e7bba3.png','image',NULL,'sent','2025-10-09 16:12:32',NULL,NULL,NULL,NULL,0,NULL,0,NULL,NULL);
INSERT INTO messages VALUES(25,18,'customer',NULL,'123','text',NULL,'sent','2025-10-09 16:13:05',NULL,NULL,NULL,NULL,0,NULL,0,NULL,NULL);
INSERT INTO messages VALUES(26,18,'customer',NULL,'df2d8eb8-ee5a-4fa5-9f50-074866e7bba3.png','image',NULL,'sent','2025-10-09 16:13:07',NULL,NULL,NULL,NULL,0,NULL,0,NULL,NULL);
INSERT INTO messages VALUES(27,19,'customer',NULL,'df2d8eb8-ee5a-4fa5-9f50-074866e7bba3.png','image',NULL,'sent','2025-10-09 16:14:21',NULL,NULL,NULL,NULL,0,NULL,0,NULL,NULL);
INSERT INTO messages VALUES(28,20,'customer',NULL,'df2d8eb8-ee5a-4fa5-9f50-074866e7bba3.png','image',NULL,'sent','2025-10-09 16:16:16',NULL,NULL,NULL,NULL,0,NULL,0,NULL,NULL);
INSERT INTO messages VALUES(29,23,'customer',NULL,'df2d8eb8-ee5a-4fa5-9f50-074866e7bba3.png','image','http://localhost:8080/static/uploads/20/c3f22345-df2f-44df-b828-167dee2ed0d9.png','sent','2025-10-09 16:20:01',NULL,NULL,NULL,NULL,0,NULL,0,NULL,NULL);
INSERT INTO messages VALUES(30,25,'customer',NULL,'df2d8eb8-ee5a-4fa5-9f50-074866e7bba3.png','image','http://localhost:8080/static/uploads/20/01ed3db4-d97a-4d7c-a196-f4c6cbe6592e.png','sent','2025-10-09 16:20:18',NULL,NULL,NULL,NULL,0,NULL,0,NULL,NULL);
INSERT INTO messages VALUES(31,27,'customer',NULL,'df2d8eb8-ee5a-4fa5-9f50-074866e7bba3.png','image','http://localhost:8080/static/uploads/20/c7393e64-b35e-40f3-a56b-85e371674c02.png','sent','2025-10-09 16:21:01',NULL,NULL,NULL,NULL,0,NULL,0,NULL,NULL);
INSERT INTO messages VALUES(32,28,'customer',NULL,'df2d8eb8-ee5a-4fa5-9f50-074866e7bba3.png','image','http://localhost:8080/static/uploads/20/7154937f-07e9-415c-a3f0-a195ae6b2256.png','sent','2025-10-09 16:22:19',NULL,NULL,NULL,NULL,0,NULL,0,NULL,NULL);
INSERT INTO messages VALUES(33,30,'customer',NULL,'df2d8eb8-ee5a-4fa5-9f50-074866e7bba3.png','image','http://localhost:8080/static/uploads/20/02f81a36-8ebd-4667-a6a1-1ec31cf9028e.png','sent','2025-10-09 16:23:56',NULL,NULL,NULL,NULL,0,NULL,0,NULL,NULL);
INSERT INTO messages VALUES(34,31,'customer',NULL,'df2d8eb8-ee5a-4fa5-9f50-074866e7bba3.png','image','http://localhost:8080/static/uploads/20/dcef8868-f78b-44a5-88ad-86cb974d2d3e.png','sent','2025-10-09 16:24:14',NULL,NULL,NULL,NULL,0,NULL,0,NULL,NULL);
INSERT INTO messages VALUES(35,33,'customer',NULL,'http://localhost:8080/static/uploads/20/41b6beac-eccd-4c8e-9f50-b01a3153af3e.png','image','http://localhost:8080/static/uploads/20/41b6beac-eccd-4c8e-9f50-b01a3153af3e.png','sent','2025-10-09 16:29:01',NULL,NULL,NULL,NULL,0,NULL,0,NULL,NULL);
INSERT INTO messages VALUES(36,33,'staff',11,'123','text',NULL,'sent','2025-10-09 16:30:30',NULL,NULL,NULL,NULL,0,NULL,0,NULL,NULL);
INSERT INTO messages VALUES(37,34,'customer',NULL,'123','text',NULL,'sent','2025-10-09 16:43:10',NULL,NULL,NULL,NULL,0,NULL,0,NULL,NULL);
INSERT INTO messages VALUES(38,37,'customer',NULL,'http://localhost:8080/static/uploads/20/15d2470f-c289-4e9e-bf46-626610a7eae6.png','image','http://localhost:8080/static/uploads/20/15d2470f-c289-4e9e-bf46-626610a7eae6.png','sent','2025-10-09 16:55:14',NULL,NULL,NULL,NULL,0,NULL,0,NULL,NULL);
INSERT INTO messages VALUES(39,37,'staff',11,'123123','text',NULL,'sent','2025-10-09 16:56:16',NULL,NULL,NULL,NULL,0,NULL,0,NULL,NULL);
INSERT INTO messages VALUES(40,37,'staff',11,'123','text',NULL,'sent','2025-10-09 16:58:28',NULL,NULL,NULL,NULL,0,NULL,0,NULL,NULL);
INSERT INTO messages VALUES(41,38,'customer',NULL,'123','text',NULL,'sent','2025-10-09 17:02:17',NULL,NULL,NULL,NULL,0,NULL,0,NULL,NULL);
INSERT INTO messages VALUES(42,38,'customer',NULL,'http://localhost:8080/static/uploads/20/79164b19-7ab9-4b7d-aed8-8609a514c522.png','image','http://localhost:8080/static/uploads/20/79164b19-7ab9-4b7d-aed8-8609a514c522.png','sent','2025-10-09 17:02:21',NULL,NULL,NULL,NULL,0,NULL,0,NULL,NULL);
INSERT INTO messages VALUES(43,37,'staff',11,'123','text',NULL,'sent','2025-10-09 17:02:32',NULL,NULL,NULL,NULL,0,NULL,0,NULL,NULL);
INSERT INTO messages VALUES(44,38,'staff',11,'123','text',NULL,'sent','2025-10-09 17:02:46',NULL,NULL,NULL,NULL,0,NULL,0,NULL,NULL);
INSERT INTO messages VALUES(45,39,'customer',NULL,'123','text',NULL,'sent','2025-10-09 17:06:26',NULL,NULL,NULL,NULL,0,NULL,0,NULL,NULL);
INSERT INTO messages VALUES(46,39,'customer',NULL,'http://localhost:8080/static/uploads/20/fdc2a02c-c259-4fbb-babe-dedf62db96cc.png','image','http://localhost:8080/static/uploads/20/fdc2a02c-c259-4fbb-babe-dedf62db96cc.png','sent','2025-10-09 17:06:28',NULL,NULL,NULL,NULL,0,NULL,0,NULL,NULL);
INSERT INTO messages VALUES(47,39,'customer',NULL,'321','text',NULL,'sent','2025-10-09 17:07:04',NULL,NULL,NULL,NULL,0,NULL,0,NULL,NULL);
INSERT INTO messages VALUES(48,39,'staff',11,'123123','text',NULL,'sent','2025-10-09 17:07:12',NULL,NULL,NULL,NULL,0,NULL,0,NULL,NULL);
INSERT INTO messages VALUES(49,42,'customer',NULL,'http://localhost:8080/static/uploads/20/6e13b981-7154-427e-b47f-f5e36509c1be.txt','file','http://localhost:8080/static/uploads/20/6e13b981-7154-427e-b47f-f5e36509c1be.txt','sent','2025-10-09 17:19:04',NULL,NULL,NULL,NULL,0,NULL,0,NULL,NULL);
INSERT INTO messages VALUES(50,44,'customer',NULL,'http://localhost:8080/static/uploads/20/f5e0357f_1.txt-鍓湰.txt','file','http://localhost:8080/static/uploads/20/f5e0357f_1.txt-鍓湰.txt','sent','2025-10-09 17:23:19',NULL,NULL,NULL,NULL,0,NULL,0,NULL,NULL);
INSERT INTO messages VALUES(51,45,'customer',NULL,'http://localhost:8080/static/uploads/20/003978f2_1.txt.txt','file','http://localhost:8080/static/uploads/20/003978f2_1.txt.txt','sent','2025-10-09 17:24:50',NULL,NULL,NULL,NULL,0,NULL,0,NULL,NULL);
INSERT INTO messages VALUES(52,45,'customer',NULL,'http://localhost:8080/static/uploads/20/f68f7624_1.txt-鍓湰.txt','file','http://localhost:8080/static/uploads/20/f68f7624_1.txt-鍓湰.txt','sent','2025-10-09 17:24:52',NULL,NULL,NULL,NULL,0,NULL,0,NULL,NULL);
INSERT INTO messages VALUES(53,45,'customer',NULL,'http://localhost:8080/static/uploads/20/ac84037b_df2d8eb8-ee5a-4fa5-9f50-074866e7bba3.png','file','http://localhost:8080/static/uploads/20/ac84037b_df2d8eb8-ee5a-4fa5-9f50-074866e7bba3.png','sent','2025-10-09 17:25:03',NULL,NULL,NULL,NULL,0,NULL,0,NULL,NULL);
INSERT INTO messages VALUES(54,45,'customer',NULL,'http://localhost:8080/static/uploads/20/4b757a22_df2d8eb8-ee5a-4fa5-9f50-074866e7bba3.png','image','http://localhost:8080/static/uploads/20/4b757a22_df2d8eb8-ee5a-4fa5-9f50-074866e7bba3.png','sent','2025-10-09 17:25:07',NULL,NULL,NULL,NULL,0,NULL,0,NULL,NULL);
INSERT INTO messages VALUES(55,45,'customer',NULL,'123123','text',NULL,'sent','2025-10-09 17:25:10',NULL,NULL,NULL,NULL,0,NULL,0,NULL,NULL);
INSERT INTO messages VALUES(56,45,'staff',11,'1.txt - 鍓湰.txt','file','http://localhost:8080/static/uploads/20/36017c34_1.txt-鍓湰.txt','sent','2025-10-09 17:51:20',NULL,NULL,NULL,NULL,0,NULL,0,NULL,NULL);
INSERT INTO messages VALUES(57,46,'customer',NULL,'http://localhost:8080/static/uploads/20/40a5b85a_df2d8eb8-ee5a-4fa5-9f50-074866e7bba3.png','image','http://localhost:8080/static/uploads/20/40a5b85a_df2d8eb8-ee5a-4fa5-9f50-074866e7bba3.png','sent','2025-10-09 17:51:32',NULL,NULL,NULL,NULL,0,NULL,0,NULL,NULL);
INSERT INTO messages VALUES(58,46,'customer',NULL,'http://localhost:8080/static/uploads/20/76e69441_1.txt-鍓湰.txt','file','http://localhost:8080/static/uploads/20/76e69441_1.txt-鍓湰.txt','sent','2025-10-09 17:51:35',NULL,NULL,NULL,NULL,0,NULL,0,NULL,NULL);
INSERT INTO messages VALUES(59,46,'customer',NULL,'123123','text',NULL,'sent','2025-10-09 17:51:36',NULL,NULL,NULL,NULL,0,NULL,0,NULL,NULL);
INSERT INTO messages VALUES(60,46,'staff',11,'1.txt - 鍓湰.txt','file','http://localhost:8080/static/uploads/20/0473a3a6_1.txt-鍓湰.txt','sent','2025-10-09 17:51:45',NULL,NULL,NULL,NULL,0,NULL,0,NULL,NULL);
INSERT INTO messages VALUES(61,46,'staff',11,'df2d8eb8-ee5a-4fa5-9f50-074866e7bba3.png','image','http://localhost:8080/static/uploads/20/c2056050_df2d8eb8-ee5a-4fa5-9f50-074866e7bba3.png','sent','2025-10-09 17:51:47',NULL,NULL,NULL,NULL,0,NULL,0,NULL,NULL);
INSERT INTO messages VALUES(62,46,'staff',11,'3213123','text',NULL,'sent','2025-10-09 17:51:49',NULL,NULL,NULL,NULL,0,NULL,0,NULL,NULL);
INSERT INTO messages VALUES(63,46,'staff',11,'aaa','text',NULL,'sent','2025-10-09 17:53:46',NULL,NULL,NULL,NULL,0,NULL,0,NULL,NULL);
INSERT INTO messages VALUES(64,46,'staff',11,'1.txt - 鍓湰.txt','file','http://localhost:8080/static/uploads/20/1937296e_1.txt-鍓湰.txt','sent','2025-10-09 17:53:49',NULL,NULL,NULL,NULL,0,NULL,0,NULL,NULL);
INSERT INTO messages VALUES(65,46,'staff',11,'df2d8eb8-ee5a-4fa5-9f50-074866e7bba3.png','file','http://localhost:8080/static/uploads/20/740bfd22_df2d8eb8-ee5a-4fa5-9f50-074866e7bba3.png','sent','2025-10-09 17:53:51',NULL,NULL,NULL,NULL,0,NULL,0,NULL,NULL);
INSERT INTO messages VALUES(66,46,'staff',11,'df2d8eb8-ee5a-4fa5-9f50-074866e7bba3.png','image','http://localhost:8080/static/uploads/20/defa6993_df2d8eb8-ee5a-4fa5-9f50-074866e7bba3.png','sent','2025-10-09 17:54:14',NULL,NULL,NULL,NULL,0,NULL,0,NULL,NULL);
INSERT INTO messages VALUES(67,46,'staff',11,'璇煶娑堟伅','voice','http://localhost:8080/static/uploads/20/b323adcf_voice_1760033462140.webm','sent','2025-10-09 18:11:02',NULL,NULL,NULL,NULL,0,NULL,0,NULL,NULL);
INSERT INTO messages VALUES(68,47,'customer',NULL,'123123','text',NULL,'sent','2025-10-09 18:11:10',NULL,NULL,NULL,NULL,0,NULL,0,NULL,NULL);
INSERT INTO messages VALUES(69,47,'staff',11,'璇煶娑堟伅','voice','http://localhost:8080/static/uploads/20/011b9956_voice_1760033492160.webm','sent','2025-10-09 18:11:32',NULL,NULL,NULL,NULL,0,NULL,0,NULL,NULL);
INSERT INTO messages VALUES(70,49,'customer',NULL,'http://localhost:8080/static/uploads/20/b5b57b4c_voice.webm','voice','http://localhost:8080/static/uploads/20/b5b57b4c_voice.webm','sent','2025-10-09 18:21:51',NULL,NULL,NULL,NULL,0,NULL,0,NULL,NULL);
INSERT INTO messages VALUES(71,58,'customer',NULL,'http://localhost:8080/static/uploads/20/8d677fda_6f72944d-4a8e-4e70-850c-8ac669ab547e.png','file','http://localhost:8080/static/uploads/20/8d677fda_6f72944d-4a8e-4e70-850c-8ac669ab547e.png','sent','2025-10-10 09:13:24',NULL,NULL,NULL,NULL,0,NULL,0,NULL,NULL);
INSERT INTO messages VALUES(72,58,'customer',NULL,'http://localhost:8080/static/uploads/20/9c652589_6f72944d-4a8e-4e70-850c-8ac669ab547e.png','image','http://localhost:8080/static/uploads/20/9c652589_6f72944d-4a8e-4e70-850c-8ac669ab547e.png','sent','2025-10-10 09:13:31',NULL,NULL,NULL,NULL,0,NULL,0,NULL,NULL);
INSERT INTO messages VALUES(73,58,'staff',11,'asdjklasd','text',NULL,'sent','2025-10-10 09:13:50',NULL,NULL,NULL,NULL,0,NULL,0,NULL,NULL);
INSERT INTO messages VALUES(74,61,'customer',NULL,'http://localhost:8080/static/uploads/20/55d9e21e_6f72944d-4a8e-4e70-850c-8ac669ab547e.png','image','http://localhost:8080/static/uploads/20/55d9e21e_6f72944d-4a8e-4e70-850c-8ac669ab547e.png','sent','2025-10-10 09:54:14',NULL,NULL,NULL,NULL,0,NULL,0,NULL,NULL);
INSERT INTO messages VALUES(75,61,'customer',NULL,'http://localhost:8080/static/uploads/20/5d395416_6f72944d-4a8e-4e70-850c-8ac669ab547e.png','file','http://localhost:8080/static/uploads/20/5d395416_6f72944d-4a8e-4e70-850c-8ac669ab547e.png','sent','2025-10-10 09:54:18',NULL,NULL,NULL,NULL,0,NULL,0,NULL,NULL);
INSERT INTO messages VALUES(76,61,'customer',NULL,'asd','text',NULL,'sent','2025-10-10 09:54:22',NULL,NULL,NULL,NULL,0,NULL,0,NULL,NULL);
INSERT INTO messages VALUES(77,62,'customer',NULL,'http://localhost:8080/static/uploads/20/ed368db7_6f72944d-4a8e-4e70-850c-8ac669ab547e.png','image','http://localhost:8080/static/uploads/20/ed368db7_6f72944d-4a8e-4e70-850c-8ac669ab547e.png','sent','2025-10-10 09:57:35',NULL,NULL,NULL,NULL,0,NULL,0,NULL,NULL);
INSERT INTO messages VALUES(78,62,'customer',NULL,'http://localhost:8080/static/uploads/20/ada1faa8_6f72944d-4a8e-4e70-850c-8ac669ab547e.png','file','http://localhost:8080/static/uploads/20/ada1faa8_6f72944d-4a8e-4e70-850c-8ac669ab547e.png','sent','2025-10-10 09:57:40',NULL,NULL,NULL,NULL,0,NULL,0,NULL,NULL);
INSERT INTO messages VALUES(79,62,'customer',NULL,'asd','text',NULL,'sent','2025-10-10 09:57:57',NULL,NULL,NULL,NULL,0,NULL,0,NULL,NULL);
INSERT INTO messages VALUES(80,62,'staff',11,'???????','text',NULL,'sent','2025-10-10 09:58:17',NULL,NULL,NULL,NULL,0,NULL,0,NULL,NULL);
INSERT INTO messages VALUES(81,65,'customer',NULL,'http://localhost:8080/static/uploads/20/9a6d9914_6f72944d-4a8e-4e70-850c-8ac669ab547e.png','image','http://localhost:8080/static/uploads/20/9a6d9914_6f72944d-4a8e-4e70-850c-8ac669ab547e.png','sent','2025-10-10 10:16:46',NULL,NULL,NULL,NULL,0,NULL,0,NULL,NULL);
INSERT INTO messages VALUES(82,65,'customer',NULL,'http://localhost:8080/static/uploads/20/6523bcbf_6f72944d-4a8e-4e70-850c-8ac669ab547e.png','file','http://localhost:8080/static/uploads/20/6523bcbf_6f72944d-4a8e-4e70-850c-8ac669ab547e.png','sent','2025-10-10 10:16:49',NULL,NULL,NULL,NULL,0,NULL,0,NULL,NULL);
INSERT INTO messages VALUES(83,65,'customer',NULL,'asd','text',NULL,'sent','2025-10-10 10:16:53',NULL,NULL,NULL,NULL,0,NULL,0,NULL,NULL);
INSERT INTO messages VALUES(84,67,'customer',NULL,'http://localhost:8080/static/uploads/20/e386df50_6f72944d-4a8e-4e70-850c-8ac669ab547e.png','image','http://localhost:8080/static/uploads/20/e386df50_6f72944d-4a8e-4e70-850c-8ac669ab547e.png','sent','2025-10-10 10:42:16',NULL,NULL,NULL,NULL,0,NULL,0,NULL,NULL);
INSERT INTO messages VALUES(85,67,'customer',NULL,'http://localhost:8080/static/uploads/20/6b84265e_6f72944d-4a8e-4e70-850c-8ac669ab547e.png','file','http://localhost:8080/static/uploads/20/6b84265e_6f72944d-4a8e-4e70-850c-8ac669ab547e.png','sent','2025-10-10 10:42:19',NULL,NULL,NULL,NULL,0,NULL,0,NULL,NULL);
INSERT INTO messages VALUES(86,67,'customer',NULL,'asd','text',NULL,'sent','2025-10-10 10:42:22',NULL,NULL,NULL,NULL,0,NULL,0,NULL,NULL);
INSERT INTO messages VALUES(87,70,'customer',NULL,'asd','text',NULL,'sent','2025-10-10 10:55:41',NULL,NULL,NULL,NULL,0,NULL,0,NULL,NULL);
INSERT INTO messages VALUES(88,70,'customer',NULL,'d','text',NULL,'sent','2025-10-10 10:55:43',NULL,NULL,NULL,NULL,0,NULL,0,NULL,NULL);
INSERT INTO messages VALUES(89,70,'customer',NULL,'asd','text',NULL,'sent','2025-10-10 10:55:45',NULL,NULL,NULL,NULL,0,NULL,0,NULL,NULL);
INSERT INTO messages VALUES(90,70,'customer',NULL,'asd','text',NULL,'sent','2025-10-10 10:55:47',NULL,NULL,NULL,NULL,0,NULL,0,NULL,NULL);
INSERT INTO messages VALUES(91,98,'customer',NULL,'123','text',NULL,'sent','2025-10-10 19:09:23',NULL,NULL,NULL,NULL,0,NULL,0,NULL,NULL);
INSERT INTO messages VALUES(92,98,'staff',11,'123','text',NULL,'sent','2025-10-10 19:11:29',NULL,NULL,NULL,NULL,0,NULL,0,NULL,NULL);
INSERT INTO messages VALUES(93,98,'staff',11,'6f72944d-4a8e-4e70-850c-8ac669ab547e.png','image','http://localhost:8080/static/uploads/20/2cb9af01_6f72944d-4a8e-4e70-850c-8ac669ab547e.png','sent','2025-10-10 19:11:36',NULL,NULL,NULL,NULL,0,NULL,0,NULL,NULL);
INSERT INTO messages VALUES(94,98,'customer',NULL,'http://localhost:8080/static/uploads/20/67683155_6f72944d-4a8e-4e70-850c-8ac669ab547e.png','image',NULL,'sent','2025-10-10 19:12:06',NULL,NULL,NULL,NULL,0,NULL,0,NULL,NULL);
INSERT INTO messages VALUES(95,98,'customer',NULL,'http://localhost:8080/static/uploads/20/f6a26e05_6f72944d-4a8e-4e70-850c-8ac669ab547e.png','file',NULL,'sent','2025-10-10 19:12:10',NULL,NULL,NULL,NULL,0,NULL,0,NULL,NULL);
INSERT INTO messages VALUES(96,98,'customer',NULL,'鉂わ笍','text',NULL,'sent','2025-10-10 19:12:21',NULL,NULL,NULL,NULL,0,NULL,0,NULL,NULL);
INSERT INTO messages VALUES(97,99,'customer',NULL,'http://localhost:8080/static/uploads/20/ee7d3cdb_6f72944d-4a8e-4e70-850c-8ac669ab547e.png','image',NULL,'sent','2025-10-10 19:12:33',NULL,NULL,NULL,NULL,0,NULL,0,NULL,NULL);
INSERT INTO messages VALUES(98,99,'staff',11,'6f72944d-4a8e-4e70-850c-8ac669ab547e.png','image','http://localhost:8080/static/uploads/20/8cfc9fae_6f72944d-4a8e-4e70-850c-8ac669ab547e.png','sent','2025-10-10 19:13:51',NULL,NULL,NULL,NULL,0,NULL,0,NULL,NULL);
INSERT INTO messages VALUES(99,99,'staff',11,'123','text',NULL,'sent','2025-10-10 19:14:02',NULL,NULL,NULL,NULL,0,NULL,0,NULL,NULL);
INSERT INTO messages VALUES(100,99,'customer',NULL,'http://localhost:8080/static/uploads/20/be072fbe_6f72944d-4a8e-4e70-850c-8ac669ab547e.png','image',NULL,'sent','2025-10-10 19:14:55',NULL,NULL,NULL,NULL,0,NULL,0,NULL,NULL);
INSERT INTO messages VALUES(101,99,'customer',NULL,'http://localhost:8080/static/uploads/20/6b55bb0e_6f72944d-4a8e-4e70-850c-8ac669ab547e.png','image',NULL,'sent','2025-10-10 19:19:02',NULL,NULL,NULL,NULL,0,NULL,0,NULL,NULL);
INSERT INTO messages VALUES(102,100,'customer',NULL,'http://localhost:8080/static/uploads/20/4d9c7199_6f72944d-4a8e-4e70-850c-8ac669ab547e.png','image',NULL,'sent','2025-10-10 19:19:44',NULL,NULL,NULL,NULL,0,NULL,0,NULL,NULL);
INSERT INTO messages VALUES(103,100,'customer',NULL,'http://localhost:8080/static/uploads/20/0ed22ed4_6f72944d-4a8e-4e70-850c-8ac669ab547e.png','file',NULL,'sent','2025-10-10 19:19:50',NULL,NULL,NULL,NULL,0,NULL,0,NULL,NULL);
INSERT INTO messages VALUES(104,100,'customer',NULL,'http://localhost:8080/static/uploads/20/a0b5a191_鏂板缓鏂囨湰鏂囨。4.txt','file',NULL,'sent','2025-10-10 19:19:57',NULL,NULL,NULL,NULL,0,NULL,0,NULL,NULL);
INSERT INTO messages VALUES(105,100,'customer',NULL,'馃帀','text',NULL,'sent','2025-10-10 19:20:01',NULL,NULL,NULL,NULL,0,NULL,0,NULL,NULL);
INSERT INTO messages VALUES(106,100,'customer',NULL,'馃憢','text',NULL,'sent','2025-10-10 19:20:04',NULL,NULL,NULL,NULL,0,NULL,0,NULL,NULL);
INSERT INTO messages VALUES(107,100,'customer',NULL,'馃槀','text',NULL,'sent','2025-10-10 19:20:05',NULL,NULL,NULL,NULL,0,NULL,0,NULL,NULL);
INSERT INTO messages VALUES(108,100,'customer',NULL,'馃槩','text',NULL,'sent','2025-10-10 19:20:05',NULL,NULL,NULL,NULL,0,NULL,0,NULL,NULL);
INSERT INTO messages VALUES(109,100,'customer',NULL,'馃憤','text',NULL,'sent','2025-10-10 19:20:06',NULL,NULL,NULL,NULL,0,NULL,0,NULL,NULL);
INSERT INTO messages VALUES(110,100,'customer',NULL,'馃','text',NULL,'sent','2025-10-10 19:20:06',NULL,NULL,NULL,NULL,0,NULL,0,NULL,NULL);
INSERT INTO messages VALUES(111,100,'customer',NULL,'馃槉','text',NULL,'sent','2025-10-10 19:20:06',NULL,NULL,NULL,NULL,0,NULL,0,NULL,NULL);
INSERT INTO messages VALUES(112,100,'customer',NULL,'馃槀','text',NULL,'sent','2025-10-10 19:20:07',NULL,NULL,NULL,NULL,0,NULL,0,NULL,NULL);
INSERT INTO messages VALUES(113,100,'customer',NULL,'鉂わ笍','text',NULL,'sent','2025-10-10 19:20:09',NULL,NULL,NULL,NULL,0,NULL,0,NULL,NULL);
INSERT INTO messages VALUES(114,100,'customer',NULL,'馃槩','text',NULL,'sent','2025-10-10 19:20:09',NULL,NULL,NULL,NULL,0,NULL,0,NULL,NULL);
INSERT INTO messages VALUES(115,100,'customer',NULL,'馃槑','text',NULL,'sent','2025-10-10 19:20:09',NULL,NULL,NULL,NULL,0,NULL,0,NULL,NULL);
INSERT INTO messages VALUES(116,100,'customer',NULL,'馃帀','text',NULL,'sent','2025-10-10 19:20:09',NULL,NULL,NULL,NULL,0,NULL,0,NULL,NULL);
INSERT INTO messages VALUES(117,100,'customer',NULL,'馃','text',NULL,'sent','2025-10-10 19:20:10',NULL,NULL,NULL,NULL,0,NULL,0,NULL,NULL);
INSERT INTO messages VALUES(118,100,'customer',NULL,'馃帀','text',NULL,'sent','2025-10-10 19:20:10',NULL,NULL,NULL,NULL,0,NULL,0,NULL,NULL);
INSERT INTO messages VALUES(119,100,'customer',NULL,'馃憢','text',NULL,'sent','2025-10-10 19:20:10',NULL,NULL,NULL,NULL,0,NULL,0,NULL,NULL);
INSERT INTO messages VALUES(120,100,'customer',NULL,'馃帀','text',NULL,'sent','2025-10-10 19:20:10',NULL,NULL,NULL,NULL,0,NULL,0,NULL,NULL);
INSERT INTO messages VALUES(121,100,'customer',NULL,'馃憢','text',NULL,'sent','2025-10-10 19:20:10',NULL,NULL,NULL,NULL,0,NULL,0,NULL,NULL);
INSERT INTO messages VALUES(122,100,'customer',NULL,'馃憤','text',NULL,'sent','2025-10-10 19:20:11',NULL,NULL,NULL,NULL,0,NULL,0,NULL,NULL);
INSERT INTO messages VALUES(123,100,'customer',NULL,'鉂わ笍','text',NULL,'sent','2025-10-10 19:21:33',NULL,NULL,NULL,NULL,0,NULL,0,NULL,NULL);
INSERT INTO messages VALUES(124,101,'customer',NULL,'http://localhost:8080/static/uploads/20/11ca17ac_6f72944d-4a8e-4e70-850c-8ac669ab547e.png','image',NULL,'sent','2025-10-10 19:21:55',NULL,NULL,NULL,NULL,0,NULL,0,NULL,NULL);
INSERT INTO messages VALUES(125,101,'customer',NULL,'http://localhost:8080/static/uploads/20/0c6e27f3_鏂板缓鏂囨湰鏂囨。4.txt','file',NULL,'sent','2025-10-10 19:21:57',NULL,NULL,NULL,NULL,0,NULL,0,NULL,NULL);
INSERT INTO messages VALUES(126,101,'staff',11,'123','text',NULL,'sent','2025-10-10 19:22:11',NULL,NULL,NULL,NULL,0,NULL,0,NULL,NULL);
INSERT INTO messages VALUES(127,101,'customer',NULL,'123','text',NULL,'sent','2025-10-10 19:22:19',NULL,NULL,NULL,NULL,0,NULL,0,NULL,NULL);
INSERT INTO messages VALUES(128,102,'customer',NULL,'6f72944d-4a8e-4e70-850c-8ac669ab547e.png','image','http://localhost:8080/static/uploads/20/f50d97bc_6f72944d-4a8e-4e70-850c-8ac669ab547e.png','sent','2025-10-10 19:30:32',NULL,NULL,NULL,NULL,0,NULL,0,NULL,NULL);
INSERT INTO messages VALUES(129,102,'customer',NULL,'http://localhost:8080/static/uploads/20/1672afe2_鏂板缓鏂囨湰鏂囨。.txt','file','http://localhost:8080/static/uploads/20/1672afe2_鏂板缓鏂囨湰鏂囨。.txt','sent','2025-10-10 19:30:49',NULL,NULL,NULL,NULL,0,NULL,0,NULL,NULL);
INSERT INTO messages VALUES(130,102,'customer',NULL,'123','text',NULL,'sent','2025-10-10 19:30:58',NULL,NULL,NULL,NULL,0,NULL,0,NULL,NULL);
INSERT INTO messages VALUES(131,103,'customer',NULL,'123','text',NULL,'sent','2025-10-10 19:35:49',NULL,NULL,NULL,NULL,0,NULL,0,NULL,NULL);
INSERT INTO messages VALUES(132,103,'customer',NULL,'123123','text',NULL,'sent','2025-10-10 19:35:59',NULL,NULL,NULL,NULL,0,NULL,0,NULL,NULL);
INSERT INTO messages VALUES(133,103,'customer',NULL,'6f72944d-4a8e-4e70-850c-8ac669ab547e.png','image','http://localhost:8080/static/uploads/20/374974d9_6f72944d-4a8e-4e70-850c-8ac669ab547e.png','sent','2025-10-10 19:36:05',NULL,NULL,NULL,NULL,0,NULL,0,NULL,NULL);
INSERT INTO messages VALUES(134,103,'customer',NULL,'http://localhost:8080/static/uploads/20/f5454f3a_6f72944d-4a8e-4e70-850c-8ac669ab547e.png','file','http://localhost:8080/static/uploads/20/f5454f3a_6f72944d-4a8e-4e70-850c-8ac669ab547e.png','sent','2025-10-10 19:36:08',NULL,NULL,NULL,NULL,0,NULL,0,NULL,NULL);
INSERT INTO messages VALUES(135,103,'customer',NULL,'http://localhost:8080/static/uploads/20/53838b64_鏂板缓鏂囨湰鏂囨。.txt','file','http://localhost:8080/static/uploads/20/53838b64_鏂板缓鏂囨湰鏂囨。.txt','sent','2025-10-10 19:36:12',NULL,NULL,NULL,NULL,0,NULL,0,NULL,NULL);
INSERT INTO messages VALUES(136,103,'customer',NULL,'123','text',NULL,'sent','2025-10-10 19:36:53',NULL,NULL,NULL,NULL,0,NULL,0,NULL,NULL);
INSERT INTO messages VALUES(137,103,'staff',11,'123','text',NULL,'sent','2025-10-10 19:36:57',NULL,NULL,NULL,NULL,0,NULL,0,NULL,NULL);
INSERT INTO messages VALUES(138,103,'customer',NULL,'123123123','text',NULL,'sent','2025-10-10 19:38:28',NULL,NULL,NULL,NULL,0,NULL,0,NULL,NULL);
INSERT INTO messages VALUES(139,104,'customer',NULL,'馃槏','text',NULL,'sent','2025-10-10 19:39:10',NULL,NULL,NULL,NULL,0,NULL,0,NULL,NULL);
INSERT INTO messages VALUES(140,104,'customer',NULL,'12123','text',NULL,'sent','2025-10-10 19:42:03',NULL,NULL,NULL,NULL,0,NULL,0,NULL,NULL);
INSERT INTO messages VALUES(141,104,'staff',11,'123','text',NULL,'sent','2025-10-10 19:42:10',NULL,NULL,NULL,NULL,0,NULL,0,NULL,NULL);
INSERT INTO messages VALUES(142,104,'customer',NULL,'31123','text',NULL,'sent','2025-10-10 19:42:14',NULL,NULL,NULL,NULL,0,NULL,0,NULL,NULL);
INSERT INTO messages VALUES(143,104,'staff',11,'321312','text',NULL,'sent','2025-10-10 19:42:18',NULL,NULL,NULL,NULL,0,NULL,0,NULL,NULL);
INSERT INTO messages VALUES(144,104,'customer',NULL,'6f72944d-4a8e-4e70-850c-8ac669ab547e.png','image','http://localhost:8080/static/uploads/20/a853d083_6f72944d-4a8e-4e70-850c-8ac669ab547e.png','sent','2025-10-10 19:42:26',NULL,NULL,NULL,NULL,0,NULL,0,NULL,NULL);
INSERT INTO messages VALUES(145,104,'customer',NULL,'馃樀','text',NULL,'sent','2025-10-10 19:43:21',NULL,NULL,NULL,NULL,0,NULL,0,NULL,NULL);
INSERT INTO messages VALUES(146,106,'customer',NULL,'馃槉','text',NULL,'sent','2025-10-10 19:50:29',NULL,NULL,NULL,NULL,0,NULL,0,NULL,NULL);
INSERT INTO messages VALUES(147,106,'customer',NULL,'馃槀','text',NULL,'sent','2025-10-10 19:50:39',NULL,NULL,NULL,NULL,0,NULL,0,NULL,NULL);
INSERT INTO messages VALUES(148,106,'staff',11,'123','text',NULL,'sent','2025-10-10 19:50:44',NULL,NULL,NULL,NULL,0,NULL,0,NULL,NULL);
INSERT INTO messages VALUES(149,106,'staff',11,'123','text',NULL,'sent','2025-10-10 19:52:25',NULL,NULL,NULL,NULL,0,NULL,0,NULL,NULL);
INSERT INTO messages VALUES(150,106,'customer',NULL,'123','text',NULL,'sent','2025-10-10 19:52:30',NULL,NULL,NULL,NULL,0,NULL,0,NULL,NULL);
INSERT INTO messages VALUES(151,106,'customer',NULL,'6f72944d-4a8e-4e70-850c-8ac669ab547e.png','image','http://localhost:8080/static/uploads/20/f9f6e130_6f72944d-4a8e-4e70-850c-8ac669ab547e.png','sent','2025-10-10 19:52:38',NULL,NULL,NULL,NULL,0,NULL,0,NULL,NULL);
INSERT INTO messages VALUES(152,106,'customer',NULL,'http://localhost:8080/static/uploads/20/2ceea5de_6f72944d-4a8e-4e70-850c-8ac669ab547e.png','file','http://localhost:8080/static/uploads/20/2ceea5de_6f72944d-4a8e-4e70-850c-8ac669ab547e.png','sent','2025-10-10 19:52:41',NULL,NULL,NULL,NULL,0,NULL,0,NULL,NULL);
INSERT INTO messages VALUES(153,107,'customer',NULL,'http://localhost:8080/static/uploads/20/e83221d7_6f72944d-4a8e-4e70-850c-8ac669ab547e.png','file','http://localhost:8080/static/uploads/20/e83221d7_6f72944d-4a8e-4e70-850c-8ac669ab547e.png','sent','2025-10-10 19:55:38',NULL,NULL,NULL,NULL,0,NULL,0,NULL,NULL);
INSERT INTO messages VALUES(154,107,'customer',NULL,'123','text',NULL,'sent','2025-10-10 19:56:14',NULL,NULL,NULL,NULL,0,NULL,0,NULL,NULL);
INSERT INTO messages VALUES(155,108,'customer',NULL,'123','text',NULL,'sent','2025-10-10 19:59:14',NULL,NULL,NULL,NULL,0,NULL,0,NULL,NULL);
INSERT INTO messages VALUES(156,108,'staff',11,'123','text',NULL,'sent','2025-10-10 19:59:20',NULL,NULL,NULL,NULL,0,NULL,0,NULL,NULL);
INSERT INTO messages VALUES(157,108,'customer',NULL,'6f72944d-4a8e-4e70-850c-8ac669ab547e.png','image','http://localhost:8080/static/uploads/20/ffc0a5a0_6f72944d-4a8e-4e70-850c-8ac669ab547e.png','sent','2025-10-10 19:59:31',NULL,NULL,NULL,NULL,0,NULL,0,NULL,NULL);
INSERT INTO messages VALUES(158,108,'customer',NULL,'http://localhost:8080/static/uploads/20/c612631a_鏂板缓鏂囨湰鏂囨。4.txt','file','http://localhost:8080/static/uploads/20/c612631a_鏂板缓鏂囨湰鏂囨。4.txt','sent','2025-10-10 19:59:34',NULL,NULL,NULL,NULL,0,NULL,0,NULL,NULL);
INSERT INTO messages VALUES(159,108,'customer',NULL,'馃槷','text',NULL,'sent','2025-10-10 19:59:38',NULL,NULL,NULL,NULL,0,NULL,0,NULL,NULL);
INSERT INTO messages VALUES(160,108,'customer',NULL,'3','text',NULL,'sent','2025-10-10 20:00:34',NULL,NULL,NULL,NULL,0,NULL,0,NULL,NULL);
INSERT INTO messages VALUES(161,108,'customer',NULL,'3','text',NULL,'sent','2025-10-10 20:01:00',NULL,NULL,NULL,NULL,0,NULL,0,NULL,NULL);
INSERT INTO messages VALUES(162,108,'customer',NULL,'6f72944d-4a8e-4e70-850c-8ac669ab547e.png','image','http://localhost:8080/static/uploads/20/fa159746_6f72944d-4a8e-4e70-850c-8ac669ab547e.png','sent','2025-10-10 20:01:07',NULL,NULL,NULL,NULL,0,NULL,0,NULL,NULL);
INSERT INTO messages VALUES(163,110,'customer',NULL,'123','text',NULL,'sent','2025-10-10 20:08:56',NULL,NULL,NULL,NULL,0,NULL,0,NULL,NULL);
INSERT INTO messages VALUES(164,110,'staff',11,'123','text',NULL,'sent','2025-10-10 20:09:02',NULL,NULL,NULL,NULL,0,NULL,0,NULL,NULL);
INSERT INTO messages VALUES(165,110,'customer',NULL,'123123','text',NULL,'sent','2025-10-10 20:09:10',NULL,NULL,NULL,NULL,0,NULL,0,NULL,NULL);
INSERT INTO messages VALUES(166,155,'customer',NULL,'123','text',NULL,'sent','2025-10-10 21:09:04',NULL,NULL,NULL,NULL,0,NULL,0,NULL,NULL);
INSERT INTO messages VALUES(167,155,'customer',NULL,'123123','text',NULL,'sent','2025-10-10 21:09:06',NULL,NULL,NULL,NULL,0,NULL,0,NULL,NULL);
INSERT INTO messages VALUES(168,155,'customer',NULL,'123123','text',NULL,'sent','2025-10-10 21:09:07',NULL,NULL,NULL,NULL,0,NULL,0,NULL,NULL);
INSERT INTO messages VALUES(169,162,'customer',NULL,'浣犲ソ','text',NULL,'sent','2025-10-11 07:52:59',NULL,NULL,NULL,NULL,0,NULL,0,NULL,NULL);
INSERT INTO messages VALUES(170,162,'staff',11,'ookk','text',NULL,'sent','2025-10-11 07:53:20',NULL,NULL,NULL,NULL,0,NULL,0,NULL,NULL);
INSERT INTO messages VALUES(171,200,'customer',NULL,'浣犲ソ','text',NULL,'sent','2025-10-11 12:53:38',NULL,NULL,NULL,NULL,0,NULL,0,NULL,NULL);
INSERT INTO messages VALUES(172,200,'staff',11,'濂界殑','text',NULL,'sent','2025-10-11 12:53:48',NULL,NULL,NULL,NULL,0,NULL,0,NULL,NULL);
INSERT INTO messages VALUES(173,200,'customer',NULL,'6f72944d-4a8e-4e70-850c-8ac669ab547e.png','image','http://localhost:8080/static/uploads/20/bb3830eb_6f72944d-4a8e-4e70-850c-8ac669ab547e.png','sent','2025-10-11 12:53:56',NULL,NULL,NULL,NULL,0,NULL,0,NULL,NULL);
INSERT INTO messages VALUES(174,200,'customer',NULL,'http://localhost:8080/static/uploads/20/209afe7a_6f72944d-4a8e-4e70-850c-8ac669ab547e.png','file','http://localhost:8080/static/uploads/20/209afe7a_6f72944d-4a8e-4e70-850c-8ac669ab547e.png','sent','2025-10-11 12:54:01',NULL,NULL,NULL,NULL,0,NULL,0,NULL,NULL);
INSERT INTO messages VALUES(175,200,'customer',NULL,'馃憤','text',NULL,'sent','2025-10-11 12:54:09',NULL,NULL,NULL,NULL,0,NULL,0,NULL,NULL);
INSERT INTO messages VALUES(176,200,'staff',11,'6f72944d-4a8e-4e70-850c-8ac669ab547e.png','image','http://localhost:8080/static/uploads/20/e37f31c1_6f72944d-4a8e-4e70-850c-8ac669ab547e.png','sent','2025-10-11 12:54:21',NULL,NULL,NULL,NULL,0,NULL,0,NULL,NULL);
INSERT INTO messages VALUES(177,200,'staff',11,'6f72944d-4a8e-4e70-850c-8ac669ab547e.png','file','http://localhost:8080/static/uploads/20/53f83281_6f72944d-4a8e-4e70-850c-8ac669ab547e.png','sent','2025-10-11 12:54:25',NULL,NULL,NULL,NULL,0,NULL,0,NULL,NULL);
INSERT INTO messages VALUES(178,200,'staff',11,'6f72944d-4a8e-4e70-850c-8ac669ab547e.png','image','http://localhost:8080/static/uploads/20/fcaf5c65_6f72944d-4a8e-4e70-850c-8ac669ab547e.png','sent','2025-10-11 12:54:56',NULL,NULL,NULL,NULL,0,NULL,0,NULL,NULL);
INSERT INTO messages VALUES(179,201,'customer',NULL,'浣犺繖涓湡鍝庡摝鏄殑鍥炲璇寸殑璇濈墮鍒风殑璇濈珛鍒诲氨鐖变笂鐢佃瘽闃跨弬灏辨槸鐨勪笉鍝噷鐪嬪氨鏄珛鍒诲氨鐖变笂鐢佃瘽鐪嬭鍟婅鐨勮瘽绔嬪埢灏辩埍涓婄數璇濋樋鐝傛帴鐢佃瘽闃挎媺灞卞彛鎺ョ數璇濋樋鏂埄搴峰氨鍝堝柦','text',NULL,'sent','2025-10-11 12:57:31',NULL,NULL,NULL,NULL,0,NULL,0,NULL,NULL);
INSERT INTO messages VALUES(180,201,'staff',11,'闃挎柉鍔犲痉鍗㈠崱鏂墦浜嗙數璇濇媺鍏嬩笣锛涢敾鐐煎紑濮嬶紱澶у鍝堬紱姝荤殑濂界被浼硷紱鐐瑰崐鍜栧柋楦＄◢绛夊搱鑲畾鍣惰揪宸磋矾鍙ｆ椂闂村ぇ杩樻槸锛涘埌浜嗙湅鍝堝氨鏄殑绂诲紑灏辨槸鍟?,'text',NULL,'sent','2025-10-11 12:57:45',NULL,NULL,NULL,NULL,0,NULL,0,NULL,NULL);
INSERT INTO messages VALUES(181,201,'staff',11,'锛燂紵锛燂紵','text',NULL,'sent','2025-10-11 12:57:55',NULL,NULL,NULL,NULL,0,NULL,0,NULL,NULL);
INSERT INTO messages VALUES(182,201,'customer',NULL,'锛燂紵锛燂紵锛燂紵锛?,'text',NULL,'sent','2025-10-11 12:58:03',NULL,NULL,NULL,NULL,0,NULL,0,NULL,NULL);
INSERT INTO messages VALUES(183,201,'staff',11,'锛燂紵锛燂紵锛燂紵','text',NULL,'sent','2025-10-11 12:58:18',NULL,NULL,NULL,NULL,0,NULL,0,NULL,NULL);
INSERT INTO messages VALUES(184,201,'staff',11,'????','text',NULL,'sent','2025-10-11 13:01:52',NULL,NULL,NULL,NULL,0,NULL,0,NULL,NULL);
INSERT INTO messages VALUES(185,201,'staff',11,'jsdkfhysd fshd fjs dljkf sdf slkjdf hsludf sdlkjfh sdlkjf hsd;kf hsdlkjf skdlf;h sdflkjs hdfkshf dshd flkjshf skjdlfh slkjdfh slkjdf hsdf hskdljf hsdlkjf hsdkjsd hflkjsdf hlkjsdf hlkjsdf hsldkjf hsdlkf hsdlk hlkj','text',NULL,'sent','2025-10-11 13:02:03',NULL,NULL,NULL,NULL,0,NULL,0,NULL,NULL);
INSERT INTO messages VALUES(186,201,'customer',NULL,'涓嶇浜嬬殑浜嗛樋杩揪鏂殑鎷夊紑鏋跺娍鐨勮瘽鍟婂氨鏄ぇ鍝ラ樋閲屾妧鏈殑闃挎按绉戞妧澶d鍗″垬寰峰崕濂ユ柉鍗″鍒颁簡鍝堟槸鐨勯樋鏂埄搴锋帴鐢佃瘽濂ユ柉鍗″绛夊搱灏辫偗瀹氭槸all銆?,'text',NULL,'sent','2025-10-11 13:02:27',NULL,NULL,NULL,NULL,0,NULL,0,NULL,NULL);
INSERT INTO messages VALUES(187,201,'staff',11,'闃胯惃寰锋寜鏃?,'text',NULL,'sent','2025-10-11 13:03:30',NULL,NULL,NULL,NULL,0,NULL,0,NULL,NULL);
INSERT INTO messages VALUES(188,201,'customer',NULL,'鎵撴拻鐨勯樋钀ㄥ痉','text',NULL,'sent','2025-10-11 13:03:37',NULL,NULL,NULL,NULL,0,NULL,0,NULL,NULL);
INSERT INTO messages VALUES(189,201,'customer',NULL,'6f72944d-4a8e-4e70-850c-8ac669ab547e.png','image','http://localhost:8080/static/uploads/20/1d09a059_6f72944d-4a8e-4e70-850c-8ac669ab547e.png','sent','2025-10-11 13:03:44',NULL,NULL,NULL,NULL,0,NULL,0,NULL,NULL);
INSERT INTO messages VALUES(190,209,'customer',NULL,'123','text',NULL,'sent','2025-10-11 19:01:08',NULL,NULL,NULL,NULL,0,NULL,0,NULL,NULL);
INSERT INTO messages VALUES(191,209,'customer',NULL,'nihao','text',NULL,'sent','2025-10-11 19:01:11',NULL,NULL,NULL,NULL,0,NULL,0,NULL,NULL);
INSERT INTO messages VALUES(192,209,'customer',NULL,'浣犲ソ','text',NULL,'sent','2025-10-11 19:01:17',NULL,NULL,NULL,NULL,0,NULL,0,NULL,NULL);
INSERT INTO messages VALUES(193,210,'customer',NULL,'123','text',NULL,'sent','2025-10-11 19:04:18',NULL,NULL,NULL,NULL,0,NULL,0,NULL,NULL);
INSERT INTO messages VALUES(194,210,'customer',NULL,'浣犲ソ','text',NULL,'sent','2025-10-11 19:04:20',NULL,NULL,NULL,NULL,0,NULL,0,NULL,NULL);
INSERT INTO messages VALUES(195,212,'customer',NULL,'123','text',NULL,'sent','2025-10-11 19:14:50',NULL,NULL,NULL,NULL,0,NULL,0,NULL,NULL);
INSERT INTO messages VALUES(196,214,'customer',NULL,'123','text',NULL,'sent','2025-10-11 19:21:05',NULL,NULL,NULL,NULL,0,NULL,0,NULL,NULL);
INSERT INTO messages VALUES(197,215,'customer',NULL,'23','text',NULL,'sent','2025-10-11 19:25:55',NULL,NULL,NULL,NULL,0,NULL,0,NULL,NULL);
INSERT INTO messages VALUES(198,217,'customer',NULL,'123','text',NULL,'sent','2025-10-11 19:40:04',NULL,NULL,NULL,NULL,0,NULL,0,NULL,NULL);
INSERT INTO messages VALUES(199,217,'customer',NULL,'浣犲ソ','text',NULL,'sent','2025-10-11 19:41:04',NULL,NULL,NULL,NULL,0,NULL,0,NULL,NULL);
INSERT INTO messages VALUES(200,217,'staff',11,'123123','text',NULL,'sent','2025-10-11 19:41:28',NULL,NULL,NULL,NULL,0,NULL,0,NULL,NULL);
INSERT INTO messages VALUES(201,217,'staff',11,'123','text',NULL,'sent','2025-10-11 19:41:44',NULL,NULL,NULL,NULL,0,NULL,0,NULL,NULL);
INSERT INTO messages VALUES(202,218,'customer',NULL,'123','text',NULL,'sent','2025-10-11 19:44:37',NULL,NULL,NULL,NULL,0,NULL,0,NULL,NULL);
INSERT INTO messages VALUES(203,217,'staff',11,'123','text',NULL,'sent','2025-10-11 19:46:52',NULL,NULL,NULL,NULL,0,NULL,0,NULL,NULL);
INSERT INTO messages VALUES(204,220,'customer',NULL,'123','text',NULL,'sent','2025-10-11 19:46:57',NULL,NULL,NULL,NULL,0,NULL,0,NULL,NULL);
INSERT INTO messages VALUES(205,220,'staff',11,'123','text',NULL,'sent','2025-10-11 19:47:02',NULL,NULL,NULL,NULL,0,NULL,0,NULL,NULL);
INSERT INTO messages VALUES(206,220,'customer',NULL,'6f72944d-4a8e-4e70-850c-8ac669ab547e.png','image','http://localhost:8080/static/uploads/20/5121d52d_6f72944d-4a8e-4e70-850c-8ac669ab547e.png','sent','2025-10-11 19:48:00',NULL,NULL,NULL,NULL,0,NULL,0,NULL,NULL);
INSERT INTO messages VALUES(207,220,'customer',NULL,'http://localhost:8080/static/uploads/20/1aaaa20e_鏂板缓鏂囨湰鏂囨。.txt','file','http://localhost:8080/static/uploads/20/1aaaa20e_鏂板缓鏂囨湰鏂囨。.txt','sent','2025-10-11 19:48:02',NULL,NULL,NULL,NULL,0,NULL,0,NULL,NULL);
INSERT INTO messages VALUES(208,221,'customer',NULL,'123123','text',NULL,'sent','2025-10-11 19:51:50',NULL,NULL,NULL,NULL,0,NULL,0,NULL,NULL);
INSERT INTO messages VALUES(209,221,'staff',11,'123123','text',NULL,'sent','2025-10-11 19:51:56',NULL,NULL,NULL,NULL,0,NULL,0,NULL,NULL);
INSERT INTO messages VALUES(210,222,'customer',NULL,'123','text',NULL,'sent','2025-10-11 19:53:14',NULL,NULL,NULL,NULL,0,NULL,0,NULL,NULL);
INSERT INTO messages VALUES(211,222,'staff',11,'123123','text',NULL,'sent','2025-10-11 19:53:21',NULL,NULL,NULL,NULL,0,NULL,0,NULL,NULL);
INSERT INTO messages VALUES(212,222,'staff',11,'6f72944d-4a8e-4e70-850c-8ac669ab547e.png','image','http://localhost:8080/static/uploads/20/05dc4ecb_6f72944d-4a8e-4e70-850c-8ac669ab547e.png','sent','2025-10-11 19:53:28',NULL,NULL,NULL,NULL,0,NULL,0,NULL,NULL);
INSERT INTO messages VALUES(213,222,'staff',11,'鏂板缓 鏂囨湰鏂囨。 (4).txt','file','http://localhost:8080/static/uploads/20/781cd284_鏂板缓鏂囨湰鏂囨。4.txt','sent','2025-10-11 19:53:30',NULL,NULL,NULL,NULL,0,NULL,0,NULL,NULL);
INSERT INTO messages VALUES(214,222,'staff',11,'6f72944d-4a8e-4e70-850c-8ac669ab547e.png','image','http://localhost:8080/static/uploads/20/ba87e926_6f72944d-4a8e-4e70-850c-8ac669ab547e.png','sent','2025-10-11 19:57:29',NULL,NULL,NULL,NULL,0,NULL,0,NULL,NULL);
INSERT INTO messages VALUES(215,222,'staff',11,'鏂板缓 鏂囨湰鏂囨。 (4).txt','file','http://localhost:8080/static/uploads/20/8a74143d_鏂板缓鏂囨湰鏂囨。4.txt','sent','2025-10-11 19:57:32',NULL,NULL,NULL,NULL,0,NULL,0,NULL,NULL);
INSERT INTO messages VALUES(216,222,'staff',11,'鏂板缓 鏂囨湰鏂囨。 (2).txt','file','http://localhost:8080/static/uploads/20/cce757e7_鏂板缓鏂囨湰鏂囨。2.txt','sent','2025-10-11 19:57:39',NULL,NULL,NULL,NULL,0,NULL,0,NULL,NULL);
INSERT INTO messages VALUES(217,222,'staff',11,'6f72944d-4a8e-4e70-850c-8ac669ab547e.png','image','http://localhost:8080/static/uploads/20/af65734e_6f72944d-4a8e-4e70-850c-8ac669ab547e.png','sent','2025-10-11 19:58:00',NULL,NULL,NULL,NULL,0,NULL,0,NULL,NULL);
INSERT INTO messages VALUES(218,224,'customer',NULL,'http://localhost:8080/static/uploads/20/f1829f36_6f72944d-4a8e-4e70-850c-8ac669ab547e.png','file','http://localhost:8080/static/uploads/20/f1829f36_6f72944d-4a8e-4e70-850c-8ac669ab547e.png','sent','2025-10-11 20:01:34',NULL,NULL,NULL,NULL,0,NULL,0,NULL,NULL);
INSERT INTO messages VALUES(219,224,'customer',NULL,'6f72944d-4a8e-4e70-850c-8ac669ab547e.png','image','http://localhost:8080/static/uploads/20/93cc81a1_6f72944d-4a8e-4e70-850c-8ac669ab547e.png','sent','2025-10-11 20:01:38',NULL,NULL,NULL,NULL,0,NULL,0,NULL,NULL);
INSERT INTO messages VALUES(220,224,'customer',NULL,'馃槀','text',NULL,'sent','2025-10-11 20:01:57',NULL,NULL,NULL,NULL,0,NULL,0,NULL,NULL);
INSERT INTO messages VALUES(221,224,'staff',11,'6f72944d-4a8e-4e70-850c-8ac669ab547e.png','image','http://localhost:8080/static/uploads/20/0b45bcc2_6f72944d-4a8e-4e70-850c-8ac669ab547e.png','sent','2025-10-11 20:02:06',NULL,NULL,NULL,NULL,0,NULL,0,NULL,NULL);
INSERT INTO messages VALUES(222,224,'staff',11,'鏂板缓 鏂囨湰鏂囨。 (4).txt','file','http://localhost:8080/static/uploads/20/615fa8f2_鏂板缓鏂囨湰鏂囨。4.txt','sent','2025-10-11 20:02:09',NULL,NULL,NULL,NULL,0,NULL,0,NULL,NULL);
INSERT INTO messages VALUES(223,224,'customer',NULL,'http://localhost:8080/static/uploads/20/9040cdf0_鏂板缓鏂囨湰鏂囨。4.txt','file','http://localhost:8080/static/uploads/20/9040cdf0_鏂板缓鏂囨湰鏂囨。4.txt','sent','2025-10-11 20:05:35',NULL,NULL,NULL,NULL,0,NULL,0,NULL,NULL);
INSERT INTO messages VALUES(224,224,'staff',11,'鏂板缓 鏂囨湰鏂囨。 (4).txt','file','http://localhost:8080/static/uploads/20/68e516cd_鏂板缓鏂囨湰鏂囨。4.txt','sent','2025-10-11 20:06:16',NULL,NULL,NULL,NULL,0,NULL,0,NULL,NULL);
INSERT INTO messages VALUES(225,225,'customer',NULL,'123','text',NULL,'sent','2025-10-11 20:14:12',NULL,NULL,NULL,NULL,0,NULL,0,NULL,NULL);
INSERT INTO messages VALUES(226,225,'staff',11,'123','text',NULL,'sent','2025-10-11 20:14:18',NULL,NULL,NULL,NULL,0,NULL,0,NULL,NULL);
INSERT INTO messages VALUES(227,225,'customer',NULL,'6f72944d-4a8e-4e70-850c-8ac669ab547e.png','image','http://localhost:8080/static/uploads/20/296ad106_6f72944d-4a8e-4e70-850c-8ac669ab547e.png','sent','2025-10-11 20:14:24',NULL,NULL,NULL,NULL,0,NULL,0,NULL,NULL);
INSERT INTO messages VALUES(228,225,'customer',NULL,'http://localhost:8080/static/uploads/20/5cbd00fd_鏂板缓鏂囨湰鏂囨。4.txt','file','http://localhost:8080/static/uploads/20/5cbd00fd_鏂板缓鏂囨湰鏂囨。4.txt','sent','2025-10-11 20:14:26',NULL,NULL,NULL,NULL,0,NULL,0,NULL,NULL);
INSERT INTO messages VALUES(229,225,'customer',NULL,'馃憣','text',NULL,'sent','2025-10-11 20:14:30',NULL,NULL,NULL,NULL,0,NULL,0,NULL,NULL);
INSERT INTO messages VALUES(230,225,'staff',11,'123123','text',NULL,'sent','2025-10-11 20:14:35',NULL,NULL,NULL,NULL,0,NULL,0,NULL,NULL);
INSERT INTO messages VALUES(231,225,'staff',11,'6f72944d-4a8e-4e70-850c-8ac669ab547e.png','image','http://localhost:8080/static/uploads/20/2e8dfe0a_6f72944d-4a8e-4e70-850c-8ac669ab547e.png','sent','2025-10-11 20:14:38',NULL,NULL,NULL,NULL,0,NULL,0,NULL,NULL);
INSERT INTO messages VALUES(232,225,'staff',11,'鏂板缓 鏂囨湰鏂囨。 (4).txt','file','http://localhost:8080/static/uploads/20/ec11d861_鏂板缓鏂囨湰鏂囨。4.txt','sent','2025-10-11 20:14:41',NULL,NULL,NULL,NULL,0,NULL,0,NULL,NULL);
INSERT INTO messages VALUES(233,229,'customer',NULL,'6f72944d-4a8e-4e70-850c-8ac669ab547e.png','image','http://localhost:8080/static/uploads/20/ee96fe92_6f72944d-4a8e-4e70-850c-8ac669ab547e.png','sent','2025-10-11 20:36:50',NULL,NULL,NULL,NULL,0,NULL,0,NULL,NULL);
INSERT INTO messages VALUES(234,229,'customer',NULL,'http://localhost:8080/static/uploads/20/f5711f93_鏂板缓鏂囨湰鏂囨。.txt','file','http://localhost:8080/static/uploads/20/f5711f93_鏂板缓鏂囨湰鏂囨。.txt','sent','2025-10-11 20:36:54',NULL,NULL,NULL,NULL,0,NULL,0,NULL,NULL);
INSERT INTO messages VALUES(235,229,'customer',NULL,'馃憤','text',NULL,'sent','2025-10-11 20:36:58',NULL,NULL,NULL,NULL,0,NULL,0,NULL,NULL);
INSERT INTO messages VALUES(236,229,'customer',NULL,'3','text',NULL,'sent','2025-10-11 20:37:00',NULL,NULL,NULL,NULL,0,NULL,0,NULL,NULL);
INSERT INTO messages VALUES(237,229,'staff',11,'123','text',NULL,'sent','2025-10-11 20:37:08',NULL,NULL,NULL,NULL,0,NULL,0,NULL,NULL);
INSERT INTO messages VALUES(238,229,'staff',11,'6f72944d-4a8e-4e70-850c-8ac669ab547e.png','image','http://localhost:8080/static/uploads/20/915ad38f_6f72944d-4a8e-4e70-850c-8ac669ab547e.png','sent','2025-10-11 20:37:11',NULL,NULL,NULL,NULL,0,NULL,0,NULL,NULL);
INSERT INTO messages VALUES(239,229,'staff',11,'鏂板缓 鏂囨湰鏂囨。 (2).txt','file','http://localhost:8080/static/uploads/20/59457554_鏂板缓鏂囨湰鏂囨。2.txt','sent','2025-10-11 20:37:13',NULL,NULL,NULL,NULL,0,NULL,0,NULL,NULL);
INSERT INTO messages VALUES(240,229,'staff',11,'123','text',NULL,'sent','2025-10-11 20:39:29',NULL,NULL,NULL,NULL,0,NULL,0,NULL,NULL);
INSERT INTO messages VALUES(241,231,'customer',NULL,'123123','text',NULL,'sent','2025-10-11 20:39:35',NULL,NULL,NULL,NULL,0,NULL,0,NULL,NULL);
INSERT INTO messages VALUES(242,231,'staff',11,'6f72944d-4a8e-4e70-850c-8ac669ab547e.png','image','http://localhost:8080/static/uploads/20/3db2f97a_6f72944d-4a8e-4e70-850c-8ac669ab547e.png','sent','2025-10-11 20:39:40',NULL,NULL,NULL,NULL,0,NULL,0,NULL,NULL);
INSERT INTO messages VALUES(243,231,'staff',11,'鏂板缓 鏂囨湰鏂囨。 (4).txt','file','http://localhost:8080/static/uploads/20/3251bb08_鏂板缓鏂囨湰鏂囨。4.txt','sent','2025-10-11 20:39:43',NULL,NULL,NULL,NULL,0,NULL,0,NULL,NULL);
INSERT INTO messages VALUES(244,232,'customer',NULL,'123','text',NULL,'sent','2025-10-11 20:43:17',NULL,NULL,NULL,NULL,0,NULL,0,NULL,NULL);
INSERT INTO messages VALUES(245,232,'staff',11,'鏂板缓 鏂囨湰鏂囨。.txt','file','http://localhost:8080/static/uploads/20/7ab85dee_鏂板缓鏂囨湰鏂囨。.txt','sent','2025-10-11 20:43:26',NULL,NULL,NULL,NULL,0,NULL,0,NULL,NULL);
INSERT INTO messages VALUES(246,232,'staff',11,'6f72944d-4a8e-4e70-850c-8ac669ab547e.png','image','http://localhost:8080/static/uploads/20/21c95952_6f72944d-4a8e-4e70-850c-8ac669ab547e.png','sent','2025-10-11 20:43:30',NULL,NULL,NULL,NULL,0,NULL,0,NULL,NULL);
INSERT INTO messages VALUES(247,233,'customer',NULL,'123','text',NULL,'sent','2025-10-11 20:47:28',NULL,NULL,NULL,NULL,0,NULL,0,NULL,NULL);
INSERT INTO messages VALUES(248,233,'staff',11,'456','text',NULL,'sent','2025-10-11 20:47:36',NULL,NULL,NULL,NULL,0,NULL,0,NULL,NULL);
INSERT INTO messages VALUES(249,233,'staff',11,'6f72944d-4a8e-4e70-850c-8ac669ab547e.png','image','http://localhost:8080/static/uploads/20/760ba154_6f72944d-4a8e-4e70-850c-8ac669ab547e.png','sent','2025-10-11 20:47:39',NULL,NULL,NULL,NULL,0,NULL,0,NULL,NULL);
INSERT INTO messages VALUES(250,233,'staff',11,'鏂板缓 鏂囨湰鏂囨。 (4).txt','file','http://localhost:8080/static/uploads/20/0b8c1b04_鏂板缓鏂囨湰鏂囨。4.txt','sent','2025-10-11 20:47:41',NULL,NULL,NULL,NULL,0,NULL,0,NULL,NULL);
INSERT INTO messages VALUES(251,235,'customer',NULL,'6f72944d-4a8e-4e70-850c-8ac669ab547e.png','image','http://localhost:8080/static/uploads/20/176d5c2b_6f72944d-4a8e-4e70-850c-8ac669ab547e.png','sent','2025-10-12 05:47:37',NULL,NULL,NULL,NULL,0,NULL,0,NULL,NULL);
INSERT INTO messages VALUES(252,235,'staff',11,'6f72944d-4a8e-4e70-850c-8ac669ab547e.png','image','http://localhost:8080/static/uploads/20/deb29d95_6f72944d-4a8e-4e70-850c-8ac669ab547e.png','sent','2025-10-12 05:48:53',NULL,NULL,NULL,NULL,0,NULL,0,NULL,NULL);
INSERT INTO messages VALUES(253,235,'staff',11,'6f72944d-4a8e-4e70-850c-8ac669ab547e.png','image','http://localhost:8080/static/uploads/20/ab069a98_6f72944d-4a8e-4e70-850c-8ac669ab547e.png','sent','2025-10-12 05:49:05',NULL,NULL,NULL,NULL,0,NULL,0,NULL,NULL);
INSERT INTO messages VALUES(254,236,'customer',NULL,'6f72944d-4a8e-4e70-850c-8ac669ab547e.png','image','http://localhost:8080/static/uploads/20/7a09c35c_6f72944d-4a8e-4e70-850c-8ac669ab547e.png','sent','2025-10-12 06:05:08',NULL,NULL,NULL,NULL,0,NULL,0,NULL,NULL);
INSERT INTO messages VALUES(255,237,'customer',NULL,'6f72944d-4a8e-4e70-850c-8ac669ab547e.png','image','https://localhost:8080/static/uploads/20/d1ec7825_6f72944d-4a8e-4e70-850c-8ac669ab547e.png','sent','2025-10-12 06:10:47',NULL,NULL,NULL,NULL,0,NULL,0,NULL,NULL);
INSERT INTO messages VALUES(256,238,'customer',NULL,'6f72944d-4a8e-4e70-850c-8ac669ab547e.png','image','https://localhost:8080/static/uploads/20/81e8f9af_6f72944d-4a8e-4e70-850c-8ac669ab547e.png','sent','2025-10-12 06:11:48',NULL,NULL,NULL,NULL,0,NULL,0,NULL,NULL);
INSERT INTO messages VALUES(257,238,'customer',NULL,'6f72944d-4a8e-4e70-850c-8ac669ab547e.png','image','https://localhost:8080/static/uploads/20/19cb927a_6f72944d-4a8e-4e70-850c-8ac669ab547e.png','sent','2025-10-12 06:13:02',NULL,NULL,NULL,NULL,0,NULL,0,NULL,NULL);
INSERT INTO messages VALUES(258,239,'customer',NULL,'6f72944d-4a8e-4e70-850c-8ac669ab547e.png','image','https://localhost:8080/static/uploads/20/871cbfbf_6f72944d-4a8e-4e70-850c-8ac669ab547e.png','sent','2025-10-12 06:14:10',NULL,NULL,NULL,NULL,0,NULL,0,NULL,NULL);
INSERT INTO messages VALUES(259,240,'customer',NULL,'6f72944d-4a8e-4e70-850c-8ac669ab547e.png','image','https://localhost:8080/static/uploads/20/71de4b93_6f72944d-4a8e-4e70-850c-8ac669ab547e.png','sent','2025-10-12 06:18:25',NULL,NULL,NULL,NULL,0,NULL,0,NULL,NULL);
INSERT INTO messages VALUES(260,236,'staff',11,'鏀惧亣鏀跺埌鎾掑皝鐤嗗ぇ鍚忓埛鍗¤浜嗘斁鍋囧暒寮€濮嬫斁鍋囦簡鐪?璇翠簡鑲畾鏀惧亣浜嗗嚡鎾掓斁鍋囬兘sasoejdfsafj sdfjsal','text',NULL,'sent','2025-10-12 06:19:31',NULL,NULL,NULL,NULL,0,NULL,0,NULL,NULL);
INSERT INTO messages VALUES(261,240,'staff',11,'馃槑','text',NULL,'sent','2025-10-12 06:19:52',NULL,NULL,NULL,NULL,0,NULL,0,NULL,NULL);
INSERT INTO messages VALUES(262,240,'staff',11,unistr('123123\u000a\u000a1234123'),'text',NULL,'sent','2025-10-12 06:19:56',NULL,NULL,NULL,NULL,0,NULL,0,NULL,NULL);
INSERT INTO messages VALUES(263,241,'customer',NULL,'6f72944d-4a8e-4e70-850c-8ac669ab547e.png','image','http://localhost:8080/static/uploads/20/2690a313_6f72944d-4a8e-4e70-850c-8ac669ab547e.png','sent','2025-10-12 06:24:00',NULL,NULL,NULL,NULL,0,NULL,0,NULL,NULL);
INSERT INTO messages VALUES(264,242,'customer',NULL,'6f72944d-4a8e-4e70-850c-8ac669ab547e.png','image','http://localhost:8080/static/uploads/20/1bd20c87_6f72944d-4a8e-4e70-850c-8ac669ab547e.png','sent','2025-10-12 06:28:09',NULL,NULL,NULL,NULL,0,NULL,0,NULL,NULL);
INSERT INTO messages VALUES(265,242,'staff',11,unistr('123123\u000a\u000a123\u000a\u000a123123'),'text',NULL,'sent','2025-10-12 06:34:27',NULL,NULL,NULL,NULL,0,NULL,0,NULL,NULL);
INSERT INTO messages VALUES(266,242,'staff',11,'123','text',NULL,'sent','2025-10-12 06:34:39',NULL,NULL,NULL,NULL,0,NULL,0,NULL,NULL);
INSERT INTO messages VALUES(267,243,'customer',NULL,'6f72944d-4a8e-4e70-850c-8ac669ab547e.png','image','http://localhost:8080/static/uploads/20/13cd228b_6f72944d-4a8e-4e70-850c-8ac669ab547e.png','sent','2025-10-12 06:37:01',NULL,NULL,NULL,NULL,0,NULL,0,NULL,NULL);
INSERT INTO messages VALUES(268,243,'staff',11,'6f72944d-4a8e-4e70-850c-8ac669ab547e.png','image','http://localhost:8080/static/uploads/20/9e563cf3_6f72944d-4a8e-4e70-850c-8ac669ab547e.png','sent','2025-10-12 06:37:37',NULL,NULL,NULL,NULL,0,NULL,0,NULL,NULL);
INSERT INTO messages VALUES(269,243,'staff',11,unistr('123\u000a123\u000a123'),'text',NULL,'sent','2025-10-12 06:37:41',NULL,NULL,NULL,NULL,0,NULL,0,NULL,NULL);
INSERT INTO messages VALUES(270,244,'customer',NULL,'6f72944d-4a8e-4e70-850c-8ac669ab547e.png','image','https://localhost:8080/static/uploads/20/abcd18c7_6f72944d-4a8e-4e70-850c-8ac669ab547e.png','sent','2025-10-12 06:44:14',NULL,NULL,NULL,NULL,0,NULL,0,NULL,NULL);
INSERT INTO messages VALUES(271,245,'customer',NULL,'6f72944d-4a8e-4e70-850c-8ac669ab547e.png','image','http://localhost:8080/static/uploads/20/475968ab_6f72944d-4a8e-4e70-850c-8ac669ab547e.png','sent','2025-10-12 06:47:20',NULL,NULL,NULL,NULL,0,NULL,0,NULL,NULL);
INSERT INTO messages VALUES(272,246,'customer',NULL,'6f72944d-4a8e-4e70-850c-8ac669ab547e.png','image','http://localhost:8080/static/uploads/20/a18f5d8e_6f72944d-4a8e-4e70-850c-8ac669ab547e.png','sent','2025-10-12 06:48:56',NULL,NULL,NULL,NULL,0,NULL,0,NULL,NULL);
INSERT INTO messages VALUES(273,246,'staff',11,'鏂板缓 鏂囨湰鏂囨。 (4).txt','file','http://localhost:8080/static/uploads/20/729b051a_鏂板缓鏂囨湰鏂囨。4.txt','sent','2025-10-12 06:52:55',NULL,NULL,NULL,NULL,0,NULL,0,NULL,NULL);
INSERT INTO messages VALUES(274,247,'customer',NULL,'6f72944d-4a8e-4e70-850c-8ac669ab547e.png','image','http://localhost:8080/static/uploads/20/74d733ff_6f72944d-4a8e-4e70-850c-8ac669ab547e.png','sent','2025-10-12 17:37:43',NULL,NULL,NULL,NULL,0,NULL,0,NULL,NULL);
INSERT INTO messages VALUES(275,247,'customer',NULL,'http://localhost:8080/static/uploads/20/a1bf7c88_鏂板缓鏂囨湰鏂囨。4.txt','file','http://localhost:8080/static/uploads/20/a1bf7c88_鏂板缓鏂囨湰鏂囨。4.txt','sent','2025-10-12 17:37:45',NULL,NULL,NULL,NULL,0,NULL,0,NULL,NULL);
INSERT INTO messages VALUES(276,247,'customer',NULL,'馃檹','text',NULL,'sent','2025-10-12 17:37:58',NULL,NULL,NULL,NULL,0,NULL,0,NULL,NULL);
INSERT INTO messages VALUES(277,247,'customer',NULL,'123123','text',NULL,'sent','2025-10-12 17:38:02',NULL,NULL,NULL,NULL,0,NULL,0,NULL,NULL);
INSERT INTO messages VALUES(278,247,'staff',11,'123','text',NULL,'sent','2025-10-12 17:38:10',NULL,NULL,NULL,NULL,0,NULL,0,NULL,NULL);
INSERT INTO messages VALUES(279,247,'staff',11,'6f72944d-4a8e-4e70-850c-8ac669ab547e.png','image','http://localhost:8080/static/uploads/20/222849d5_6f72944d-4a8e-4e70-850c-8ac669ab547e.png','sent','2025-10-12 17:38:13',NULL,NULL,NULL,NULL,0,NULL,0,NULL,NULL);
INSERT INTO messages VALUES(280,247,'staff',11,'鏂板缓 鏂囨湰鏂囨。 (4).txt','file','http://localhost:8080/static/uploads/20/122d62d3_鏂板缓鏂囨湰鏂囨。4.txt','sent','2025-10-12 17:38:15',NULL,NULL,NULL,NULL,0,NULL,0,NULL,NULL);
INSERT INTO messages VALUES(281,247,'staff',11,'馃槀','text',NULL,'sent','2025-10-12 17:38:18',NULL,NULL,NULL,NULL,0,NULL,0,NULL,NULL);
INSERT INTO messages VALUES(282,247,'customer',NULL,'123','text',NULL,'sent','2025-10-12 17:38:26',NULL,NULL,NULL,NULL,0,NULL,0,NULL,NULL);
INSERT INTO messages VALUES(283,247,'staff',11,'123','text',NULL,'sent','2025-10-12 17:38:35',NULL,NULL,NULL,NULL,0,NULL,0,NULL,NULL);
INSERT INTO messages VALUES(284,248,'customer',NULL,'6f72944d-4a8e-4e70-850c-8ac669ab547e.png','image','http://localhost:8080/static/uploads/20/10c73d5a_6f72944d-4a8e-4e70-850c-8ac669ab547e.png','sent','2025-10-12 17:39:51',NULL,NULL,NULL,NULL,0,NULL,0,NULL,NULL);
INSERT INTO messages VALUES(285,250,'customer',NULL,'鏈変汉鍚?','text',NULL,'sent','2025-10-13 07:07:39',NULL,NULL,NULL,NULL,0,NULL,0,NULL,NULL);
INSERT INTO messages VALUES(286,250,'staff',11,'鏈夌殑','text',NULL,'sent','2025-10-13 07:07:53',NULL,NULL,NULL,NULL,0,NULL,0,NULL,NULL);
INSERT INTO messages VALUES(287,250,'staff',11,'鍦ㄧ殑','text',NULL,'sent','2025-10-13 07:08:12',NULL,NULL,NULL,NULL,0,NULL,0,NULL,NULL);
INSERT INTO messages VALUES(288,251,'customer',NULL,'鏈夌殑浜哄悧?','text',NULL,'sent','2025-10-13 07:09:07',NULL,NULL,NULL,NULL,0,NULL,0,NULL,NULL);
INSERT INTO messages VALUES(289,251,'staff',11,'鏈夌殑','text',NULL,'sent','2025-10-13 07:11:15',NULL,NULL,NULL,NULL,0,NULL,0,NULL,NULL);
INSERT INTO messages VALUES(290,251,'staff',16,'鏈変汉鍟?,'text',NULL,'sent','2025-10-13 07:12:10',NULL,NULL,NULL,NULL,0,NULL,0,NULL,NULL);
INSERT INTO messages VALUES(291,251,'staff',16,'鏄垜鍟?,'text',NULL,'sent','2025-10-13 07:12:12',NULL,NULL,NULL,NULL,0,NULL,0,NULL,NULL);
INSERT INTO messages VALUES(292,251,'customer',NULL,'鐪熺殑鏄綘鍚?,'text',NULL,'sent','2025-10-13 07:12:19',NULL,NULL,NULL,NULL,0,NULL,0,NULL,NULL);
INSERT INTO messages VALUES(293,251,'staff',16,'鏈夌殑鏈夌殑','text',NULL,'sent','2025-10-13 07:12:26',NULL,NULL,NULL,NULL,0,NULL,0,NULL,NULL);
INSERT INTO messages VALUES(294,251,'customer',NULL,'鎸夋椂鎵撶畻澶у彅澶у┒澶у彅澶у┒澶ц垗澶у緱','text',NULL,'sent','2025-10-13 07:13:01',NULL,NULL,NULL,NULL,0,NULL,0,NULL,NULL);
INSERT INTO messages VALUES(295,252,'customer',NULL,'jjjjjjjjjjjjjjj','text',NULL,'sent','2025-10-13 07:36:37',NULL,NULL,NULL,NULL,0,NULL,0,NULL,NULL);
INSERT INTO messages VALUES(296,252,'staff',16,'鎴戠‘瀹炲湪鐨?,'text',NULL,'sent','2025-10-13 07:49:49',NULL,NULL,NULL,NULL,0,NULL,0,NULL,NULL);
INSERT INTO messages VALUES(297,252,'staff',16,'闃胯惃寰烽樋钀ㄥ痉','text',NULL,'sent','2025-10-13 07:49:56',NULL,NULL,NULL,NULL,0,NULL,0,NULL,NULL);
INSERT INTO messages VALUES(298,252,'customer',NULL,'dddddddddddddddddddddddd','text',NULL,'sent','2025-10-13 07:50:32',NULL,NULL,NULL,NULL,0,NULL,0,NULL,NULL);
INSERT INTO messages VALUES(299,252,'staff',16,'鍟婂晩鍟婂晩鍟婂晩鍟婂晩鍟婂晩鍟婂晩','text',NULL,'sent','2025-10-13 07:50:48',NULL,NULL,NULL,NULL,0,NULL,0,NULL,NULL);
INSERT INTO messages VALUES(300,252,'customer',NULL,'鎸夋椂鎵撶畻澶у彅澶у┒澶у彅澶у┒澶у彅澶у┒澶у彅澶у┒澶у笀鐨?,'text',NULL,'sent','2025-10-13 08:11:02',NULL,NULL,NULL,NULL,0,NULL,0,NULL,NULL);
INSERT INTO messages VALUES(301,252,'staff',16,'瀵瑰瀵瑰瀵?,'text',NULL,'sent','2025-10-13 08:11:15',NULL,NULL,NULL,NULL,0,NULL,0,NULL,NULL);
INSERT INTO messages VALUES(302,252,'customer',NULL,'鑰惰€惰€惰€惰€惰€?,'text',NULL,'sent','2025-10-13 08:11:23',NULL,NULL,NULL,NULL,0,NULL,0,NULL,NULL);
INSERT INTO messages VALUES(303,252,'staff',16,'????????????','text',NULL,'sent','2025-10-13 08:11:32',NULL,NULL,NULL,NULL,0,NULL,0,NULL,NULL);
INSERT INTO messages VALUES(304,253,'customer',NULL,'????????????????????????????????????????????????????????????????????????????','text',NULL,'sent','2025-10-13 08:12:07',NULL,NULL,NULL,NULL,0,NULL,0,NULL,NULL);
INSERT INTO messages VALUES(305,253,'staff',16,'!!!!!!!!!!!!!!!!!!!!!!!!!!!!!!!!!!!!!!!!!!!!!!!!!!!!!!!!!!!!!!!!!!!!','text',NULL,'sent','2025-10-13 08:12:22',NULL,NULL,NULL,NULL,0,NULL,0,NULL,NULL);
INSERT INTO messages VALUES(306,253,'customer',NULL,'@@@@@@@@@@@@@@@@@@@@@@@@@@@@@@@@@@@@@@@@@@@@@@@@','text',NULL,'sent','2025-10-13 08:12:29',NULL,NULL,NULL,NULL,0,NULL,0,NULL,NULL);
INSERT INTO messages VALUES(307,253,'staff',16,'{}{}{}{}{}{}{}{}{}{}{}{}{}{}{}{}{}{}{}{}{}{}{}{}{}{}{}{}{}{}{}{}{}{}{}{}{}','text',NULL,'sent','2025-10-13 08:13:19',NULL,NULL,NULL,NULL,0,NULL,0,NULL,NULL);
INSERT INTO messages VALUES(308,253,'customer',NULL,'????????????????????????????????????????????????','text',NULL,'sent','2025-10-13 08:13:29',NULL,NULL,NULL,NULL,0,NULL,0,NULL,NULL);
INSERT INTO messages VALUES(309,254,'customer',NULL,'1111111111111111111111111111111111111','text',NULL,'sent','2025-10-13 08:14:49',NULL,NULL,NULL,NULL,0,NULL,0,NULL,NULL);
INSERT INTO messages VALUES(310,254,'staff',16,'222222222222222222222222222222222','text',NULL,'sent','2025-10-13 08:14:58',NULL,NULL,NULL,NULL,0,NULL,0,NULL,NULL);
INSERT INTO messages VALUES(311,254,'customer',NULL,'3333333333333333333333333333333333333333333333333333333333333333333','text',NULL,'sent','2025-10-13 08:15:04',NULL,NULL,NULL,NULL,0,NULL,0,NULL,NULL);
INSERT INTO messages VALUES(312,254,'staff',16,'44444444444444444444444444444444444444444444444444444','text',NULL,'sent','2025-10-13 08:15:15',NULL,NULL,NULL,NULL,0,NULL,0,NULL,NULL);
INSERT INTO messages VALUES(313,254,'customer',NULL,'555555555555555555555555555555555555555555555','text',NULL,'sent','2025-10-13 08:15:20',NULL,NULL,NULL,NULL,0,NULL,0,NULL,NULL);
INSERT INTO messages VALUES(314,254,'staff',16,'6666666666666666666666666666666666666666666','text',NULL,'sent','2025-10-13 08:16:05',NULL,NULL,NULL,NULL,0,NULL,0,NULL,NULL);
INSERT INTO messages VALUES(315,254,'customer',NULL,'7777777777777777777777777777777777777777777777777777','text',NULL,'sent','2025-10-13 08:16:14',NULL,NULL,NULL,NULL,0,NULL,0,NULL,NULL);
INSERT INTO messages VALUES(316,255,'customer',NULL,'1111111111111111111111111111111111111111111111','text',NULL,'sent','2025-10-13 08:19:12',NULL,NULL,NULL,NULL,0,NULL,0,NULL,NULL);
INSERT INTO messages VALUES(317,255,'staff',16,'2222222222222222222222222222222222222','text',NULL,'sent','2025-10-13 08:19:44',NULL,NULL,NULL,NULL,0,NULL,0,NULL,NULL);
INSERT INTO messages VALUES(318,255,'customer',NULL,'3333333333333333333333333333333333333333333333333333333','text',NULL,'sent','2025-10-13 08:19:51',NULL,NULL,NULL,NULL,0,NULL,0,NULL,NULL);
INSERT INTO messages VALUES(319,255,'staff',16,'444444444444444444444444444444444444444444444','text',NULL,'sent','2025-10-13 08:21:11',NULL,NULL,NULL,NULL,0,NULL,0,NULL,NULL);
INSERT INTO messages VALUES(320,255,'customer',NULL,'55555555555555555555555555555555555555555555555555555555','text',NULL,'sent','2025-10-13 08:21:17',NULL,NULL,NULL,NULL,0,NULL,0,NULL,NULL);
INSERT INTO messages VALUES(321,256,'customer',NULL,'1111111111111111111111111111111111111111111','text',NULL,'sent','2025-10-13 08:31:02',NULL,NULL,NULL,NULL,0,NULL,0,NULL,NULL);
INSERT INTO messages VALUES(322,256,'staff',16,'2222222222222222222222222222222222222222222222222222222222','text',NULL,'sent','2025-10-13 08:31:12',NULL,NULL,NULL,NULL,0,NULL,0,NULL,NULL);
INSERT INTO messages VALUES(323,256,'customer',NULL,'3333333333333333333333333333333333333333333333333333333333333','text',NULL,'sent','2025-10-13 08:31:31',NULL,NULL,NULL,NULL,0,NULL,0,NULL,NULL);
INSERT INTO messages VALUES(324,256,'staff',16,'4444444444444444444444444444444444444444444444444444444444444444444','text',NULL,'sent','2025-10-13 08:31:38',NULL,NULL,NULL,NULL,0,NULL,0,NULL,NULL);
INSERT INTO messages VALUES(325,256,'customer',NULL,'5555555555555555555555555555555555555555555555555555555555555','text',NULL,'sent','2025-10-13 08:31:47',NULL,NULL,NULL,NULL,0,NULL,0,NULL,NULL);
INSERT INTO messages VALUES(326,257,'customer',NULL,'1111111111111111111111111111111111111111111111111','text',NULL,'sent','2025-10-13 08:32:21',NULL,NULL,NULL,NULL,0,NULL,0,NULL,NULL);
INSERT INTO messages VALUES(327,257,'staff',16,'22222222222222222222222222222222222222222222222','text',NULL,'sent','2025-10-13 08:32:41',NULL,NULL,NULL,NULL,0,NULL,0,NULL,NULL);
INSERT INTO messages VALUES(328,258,'customer',NULL,'111111111111111111111111111111111111111111111','text',NULL,'sent','2025-10-13 08:37:27',NULL,NULL,NULL,NULL,0,NULL,0,NULL,NULL);
INSERT INTO messages VALUES(329,258,'staff',16,'2222222222222222222222222222222222222222222222222222222','text',NULL,'sent','2025-10-13 08:37:36',NULL,NULL,NULL,NULL,0,NULL,0,NULL,NULL);
INSERT INTO messages VALUES(330,258,'customer',NULL,'333333333333333333333333333333333333333333333333','text',NULL,'sent','2025-10-13 08:37:41',NULL,NULL,NULL,NULL,0,NULL,0,NULL,NULL);
INSERT INTO messages VALUES(331,258,'staff',16,'44444444444444444444444444444444444444444444444','text',NULL,'sent','2025-10-13 08:37:46',NULL,NULL,NULL,NULL,0,NULL,0,NULL,NULL);
INSERT INTO messages VALUES(332,258,'customer',NULL,'55555555555555555555555555555555555555555555555555555555','text',NULL,'sent','2025-10-13 08:37:53',NULL,NULL,NULL,NULL,0,NULL,0,NULL,NULL);
INSERT INTO messages VALUES(333,258,'staff',16,'666666666666666666666666666666666666666666666','text',NULL,'sent','2025-10-13 08:37:58',NULL,NULL,NULL,NULL,0,NULL,0,NULL,NULL);
INSERT INTO messages VALUES(334,259,'customer',NULL,'11111111111111111111111111111111111111','text',NULL,'sent','2025-10-13 08:38:36',NULL,NULL,NULL,NULL,0,NULL,0,NULL,NULL);
INSERT INTO messages VALUES(335,259,'staff',15,'2222222222222222222222222222222222222222222222222','text',NULL,'sent','2025-10-13 08:44:41',NULL,NULL,NULL,NULL,0,NULL,0,NULL,NULL);
INSERT INTO messages VALUES(336,259,'customer',NULL,'33333333333333333333333333333333333333333333333333333','text',NULL,'sent','2025-10-13 08:44:46',NULL,NULL,NULL,NULL,0,NULL,0,NULL,NULL);
INSERT INTO messages VALUES(337,259,'staff',15,'4444444444444444444444444444444444444444','text',NULL,'sent','2025-10-13 08:44:51',NULL,NULL,NULL,NULL,0,NULL,0,NULL,NULL);
INSERT INTO messages VALUES(338,259,'customer',NULL,'555555555555555555555555555555555555555555','text',NULL,'sent','2025-10-13 08:44:58',NULL,NULL,NULL,NULL,0,NULL,0,NULL,NULL);
INSERT INTO messages VALUES(339,259,'staff',15,'66666666666666666666666666666666666','text',NULL,'sent','2025-10-13 08:45:03',NULL,NULL,NULL,NULL,0,NULL,0,NULL,NULL);
INSERT INTO messages VALUES(340,260,'customer',NULL,'1111111111111111111111111111111111111111','text',NULL,'sent','2025-10-13 08:45:29',NULL,NULL,NULL,NULL,0,NULL,0,NULL,NULL);
INSERT INTO messages VALUES(341,260,'staff',11,'222222222222222222222222222222222','text',NULL,'sent','2025-10-13 08:45:44',NULL,NULL,NULL,NULL,0,NULL,0,NULL,NULL);
INSERT INTO messages VALUES(342,260,'customer',NULL,'33333333333333333333333333333333333333','text',NULL,'sent','2025-10-13 08:45:49',NULL,NULL,NULL,NULL,0,NULL,0,NULL,NULL);
INSERT INTO messages VALUES(343,260,'staff',11,'4444444444444444444444444444444444444444444','text',NULL,'sent','2025-10-13 08:45:56',NULL,NULL,NULL,NULL,0,NULL,0,NULL,NULL);
INSERT INTO messages VALUES(344,260,'customer',NULL,'5555555555555555555555555555555555555','text',NULL,'sent','2025-10-13 08:46:01',NULL,NULL,NULL,NULL,0,NULL,0,NULL,NULL);
INSERT INTO messages VALUES(345,260,'staff',11,'666666666666666666666666666666','text',NULL,'sent','2025-10-13 08:46:06',NULL,NULL,NULL,NULL,0,NULL,0,NULL,NULL);
INSERT INTO messages VALUES(346,261,'customer',NULL,'???????????????????????????????????','text',NULL,'sent','2025-10-13 08:50:47',NULL,NULL,NULL,NULL,0,NULL,0,NULL,NULL);
INSERT INTO messages VALUES(347,261,'customer',NULL,'??????????????????????????????????????????????','text',NULL,'sent','2025-10-13 08:51:05',NULL,NULL,NULL,NULL,0,NULL,0,NULL,NULL);
INSERT INTO messages VALUES(348,261,'customer',NULL,'6f72944d-4a8e-4e70-850c-8ac669ab547e.png','image','https://localhost:8080/static/uploads/20/4a823096_6f72944d-4a8e-4e70-850c-8ac669ab547e.png','sent','2025-10-13 08:52:27',NULL,NULL,NULL,NULL,0,NULL,0,NULL,NULL);
INSERT INTO messages VALUES(349,261,'customer',NULL,'https://localhost:8080/static/uploads/20/5175d54f_6f72944d-4a8e-4e70-850c-8ac669ab547e.png','file','https://localhost:8080/static/uploads/20/5175d54f_6f72944d-4a8e-4e70-850c-8ac669ab547e.png','sent','2025-10-13 08:53:05',NULL,NULL,NULL,NULL,0,NULL,0,NULL,NULL);
INSERT INTO messages VALUES(350,261,'customer',NULL,'馃榿','text',NULL,'sent','2025-10-13 08:53:42',NULL,NULL,NULL,NULL,0,NULL,0,NULL,NULL);
INSERT INTO messages VALUES(351,262,'customer',NULL,'馃憣','text',NULL,'sent','2025-10-13 09:01:13',NULL,NULL,NULL,NULL,0,NULL,0,NULL,NULL);
INSERT INTO messages VALUES(352,262,'customer',NULL,'6f72944d-4a8e-4e70-850c-8ac669ab547e.png','image','https://localhost:8080/static/uploads/20/f9cbcab9_6f72944d-4a8e-4e70-850c-8ac669ab547e.png','sent','2025-10-13 09:01:40',NULL,NULL,NULL,NULL,0,NULL,0,NULL,NULL);
INSERT INTO messages VALUES(353,262,'customer',NULL,'39e6b232-c0bd-4710-aee6-97884184dd0a.png','image','https://localhost:8080/static/uploads/20/c78b9b9c_39e6b232-c0bd-4710-aee6-97884184dd0a.png','sent','2025-10-13 09:06:43',NULL,NULL,NULL,NULL,0,NULL,0,NULL,NULL);
INSERT INTO messages VALUES(354,263,'customer',NULL,'aaa','text',NULL,'sent','2025-10-13 09:11:39',NULL,NULL,NULL,NULL,0,NULL,0,NULL,NULL);
INSERT INTO messages VALUES(355,263,'customer',NULL,'39e6b232-c0bd-4710-aee6-97884184dd0a.png','image','https://localhost:8080/static/uploads/20/99126ada_39e6b232-c0bd-4710-aee6-97884184dd0a.png','sent','2025-10-13 09:11:52',NULL,NULL,NULL,NULL,0,NULL,0,NULL,NULL);
INSERT INTO messages VALUES(356,263,'customer',NULL,'39e6b232-c0bd-4710-aee6-97884184dd0a.png','image','https://localhost:8080/static/uploads/20/05a979d8_39e6b232-c0bd-4710-aee6-97884184dd0a.png','sent','2025-10-13 09:12:33',NULL,NULL,NULL,NULL,0,NULL,0,NULL,NULL);
INSERT INTO messages VALUES(357,265,'customer',NULL,'39e6b232-c0bd-4710-aee6-97884184dd0a.png','image','https://localhost:8080/static/uploads/20/a851e8bb_39e6b232-c0bd-4710-aee6-97884184dd0a.png','sent','2025-10-13 09:15:01',NULL,NULL,NULL,NULL,0,NULL,0,NULL,NULL);
INSERT INTO messages VALUES(358,265,'customer',NULL,'39e6b232-c0bd-4710-aee6-97884184dd0a.png','image','https://localhost:8080/static/uploads/20/c48ab089_39e6b232-c0bd-4710-aee6-97884184dd0a.png','sent','2025-10-13 09:17:39',NULL,NULL,NULL,NULL,0,NULL,0,NULL,NULL);
INSERT INTO messages VALUES(359,266,'customer',NULL,'39e6b232-c0bd-4710-aee6-97884184dd0a.png','image','http://localhost:8080/static/uploads/20/7fadb7e2_39e6b232-c0bd-4710-aee6-97884184dd0a.png','sent','2025-10-13 09:21:55',NULL,NULL,NULL,NULL,0,NULL,0,NULL,NULL);
INSERT INTO messages VALUES(360,265,'staff',11,'6f72944d-4a8e-4e70-850c-8ac669ab547e.png','image','http://localhost:8080/static/uploads/20/007e6c5c_6f72944d-4a8e-4e70-850c-8ac669ab547e.png','sent','2025-10-13 09:23:50',NULL,NULL,NULL,NULL,0,NULL,0,NULL,NULL);
INSERT INTO messages VALUES(361,266,'customer',NULL,'123123123123','text',NULL,'sent','2025-10-13 09:24:13',NULL,NULL,NULL,NULL,0,NULL,0,NULL,NULL);
INSERT INTO messages VALUES(362,266,'staff',11,'6f72944d-4a8e-4e70-850c-8ac669ab547e.png','image','http://localhost:8080/static/uploads/20/973d4d9e_6f72944d-4a8e-4e70-850c-8ac669ab547e.png','sent','2025-10-13 09:24:21',NULL,NULL,NULL,NULL,0,NULL,0,NULL,NULL);
CREATE TABLE unread_counts (
    id INTEGER PRIMARY KEY AUTOINCREMENT,
    shop_id INTEGER NOT NULL,
    customer_id INTEGER NOT NULL,
    unread_count INTEGER DEFAULT 0,
    last_read_message_id INTEGER,
    updated_at DATETIME DEFAULT CURRENT_TIMESTAMP,
    FOREIGN KEY (shop_id) REFERENCES shops(id),
    FOREIGN KEY (customer_id) REFERENCES customers(id),
    FOREIGN KEY (last_read_message_id) REFERENCES messages(id),
    UNIQUE(shop_id, customer_id)
);
INSERT INTO unread_counts VALUES(1,16,1,1,NULL,'2025-10-08 18:40:44');
INSERT INTO unread_counts VALUES(2,16,2,1,NULL,'2025-10-08 18:41:17');
INSERT INTO unread_counts VALUES(3,16,3,0,NULL,'2025-10-08 18:41:52');
INSERT INTO unread_counts VALUES(4,16,4,0,NULL,'2025-10-08 18:45:38');
INSERT INTO unread_counts VALUES(5,19,5,0,NULL,'2025-10-09 13:14:01');
INSERT INTO unread_counts VALUES(6,19,7,0,NULL,'2025-10-09 13:14:01');
INSERT INTO unread_counts VALUES(8,19,8,0,NULL,'2025-10-09 13:49:52');
INSERT INTO unread_counts VALUES(9,19,9,1,NULL,'2025-10-09 13:51:12');
INSERT INTO unread_counts VALUES(10,20,12,0,NULL,'2025-10-13 09:24:16');
INSERT INTO unread_counts VALUES(11,20,13,0,NULL,'2025-10-13 09:24:16');
INSERT INTO unread_counts VALUES(13,20,15,0,NULL,'2025-10-13 09:24:16');
INSERT INTO unread_counts VALUES(14,20,17,0,NULL,'2025-10-13 09:24:16');
INSERT INTO unread_counts VALUES(16,20,18,0,NULL,'2025-10-13 09:24:16');
INSERT INTO unread_counts VALUES(18,20,19,0,NULL,'2025-10-13 09:24:16');
INSERT INTO unread_counts VALUES(19,20,20,0,NULL,'2025-10-13 09:24:16');
INSERT INTO unread_counts VALUES(20,20,23,0,NULL,'2025-10-13 09:24:16');
INSERT INTO unread_counts VALUES(21,20,25,0,NULL,'2025-10-13 09:24:16');
INSERT INTO unread_counts VALUES(22,20,27,0,NULL,'2025-10-13 09:24:16');
INSERT INTO unread_counts VALUES(23,20,28,0,NULL,'2025-10-13 09:24:16');
INSERT INTO unread_counts VALUES(24,20,30,0,NULL,'2025-10-13 09:24:16');
INSERT INTO unread_counts VALUES(25,20,31,0,NULL,'2025-10-13 09:24:16');
INSERT INTO unread_counts VALUES(26,20,33,0,NULL,'2025-10-13 09:24:16');
INSERT INTO unread_counts VALUES(27,20,34,0,NULL,'2025-10-13 09:24:16');
INSERT INTO unread_counts VALUES(28,20,37,0,NULL,'2025-10-13 09:24:16');
INSERT INTO unread_counts VALUES(29,20,38,0,NULL,'2025-10-13 09:24:16');
INSERT INTO unread_counts VALUES(31,20,39,0,NULL,'2025-10-13 09:24:16');
INSERT INTO unread_counts VALUES(34,20,42,0,NULL,'2025-10-13 09:24:16');
INSERT INTO unread_counts VALUES(35,20,44,0,NULL,'2025-10-13 09:24:16');
INSERT INTO unread_counts VALUES(36,20,45,0,NULL,'2025-10-13 09:24:16');
INSERT INTO unread_counts VALUES(41,20,46,0,NULL,'2025-10-13 09:24:16');
INSERT INTO unread_counts VALUES(44,20,47,0,NULL,'2025-10-13 09:24:16');
INSERT INTO unread_counts VALUES(45,20,49,0,NULL,'2025-10-13 09:24:16');
INSERT INTO unread_counts VALUES(46,20,58,0,NULL,'2025-10-13 09:24:16');
INSERT INTO unread_counts VALUES(48,20,61,0,NULL,'2025-10-13 09:24:16');
INSERT INTO unread_counts VALUES(51,20,62,0,NULL,'2025-10-13 09:24:16');
INSERT INTO unread_counts VALUES(54,20,65,0,NULL,'2025-10-13 09:24:16');
INSERT INTO unread_counts VALUES(57,20,67,0,NULL,'2025-10-13 09:24:16');
INSERT INTO unread_counts VALUES(60,20,70,0,NULL,'2025-10-13 09:24:16');
INSERT INTO unread_counts VALUES(64,20,98,0,NULL,'2025-10-13 09:24:16');
INSERT INTO unread_counts VALUES(68,20,99,0,NULL,'2025-10-13 09:24:16');
INSERT INTO unread_counts VALUES(71,20,100,0,NULL,'2025-10-13 09:24:16');
INSERT INTO unread_counts VALUES(93,20,101,0,NULL,'2025-10-13 09:24:16');
INSERT INTO unread_counts VALUES(96,20,102,0,NULL,'2025-10-13 09:24:16');
INSERT INTO unread_counts VALUES(99,20,103,0,NULL,'2025-10-13 09:24:16');
INSERT INTO unread_counts VALUES(106,20,104,0,NULL,'2025-10-13 09:24:16');
INSERT INTO unread_counts VALUES(111,20,106,0,NULL,'2025-10-13 09:24:16');
INSERT INTO unread_counts VALUES(116,20,107,0,NULL,'2025-10-13 09:24:16');
INSERT INTO unread_counts VALUES(118,20,108,0,NULL,'2025-10-13 09:24:16');
INSERT INTO unread_counts VALUES(125,20,110,0,NULL,'2025-10-13 09:24:16');
INSERT INTO unread_counts VALUES(127,20,155,0,NULL,'2025-10-13 09:24:16');
INSERT INTO unread_counts VALUES(130,20,162,0,NULL,'2025-10-13 09:24:16');
INSERT INTO unread_counts VALUES(131,20,200,0,NULL,'2025-10-13 09:24:16');
INSERT INTO unread_counts VALUES(135,20,201,0,NULL,'2025-10-13 09:24:16');
INSERT INTO unread_counts VALUES(140,20,209,0,NULL,'2025-10-13 09:24:16');
INSERT INTO unread_counts VALUES(143,20,210,0,NULL,'2025-10-13 09:24:16');
INSERT INTO unread_counts VALUES(145,20,212,0,NULL,'2025-10-13 09:24:16');
INSERT INTO unread_counts VALUES(146,20,214,0,NULL,'2025-10-13 09:24:16');
INSERT INTO unread_counts VALUES(147,20,215,0,NULL,'2025-10-13 09:24:16');
INSERT INTO unread_counts VALUES(148,20,217,0,NULL,'2025-10-13 09:24:16');
INSERT INTO unread_counts VALUES(150,20,218,0,NULL,'2025-10-13 09:24:16');
INSERT INTO unread_counts VALUES(151,20,220,0,NULL,'2025-10-13 09:24:16');
INSERT INTO unread_counts VALUES(154,20,221,0,NULL,'2025-10-13 09:24:16');
INSERT INTO unread_counts VALUES(155,20,222,0,NULL,'2025-10-13 09:24:16');
INSERT INTO unread_counts VALUES(156,20,224,0,NULL,'2025-10-13 09:24:16');
INSERT INTO unread_counts VALUES(160,20,225,0,NULL,'2025-10-13 09:24:16');
INSERT INTO unread_counts VALUES(164,20,229,0,NULL,'2025-10-13 09:24:16');
INSERT INTO unread_counts VALUES(168,20,231,0,NULL,'2025-10-13 09:24:16');
INSERT INTO unread_counts VALUES(169,20,232,0,NULL,'2025-10-13 09:24:16');
INSERT INTO unread_counts VALUES(170,20,233,0,NULL,'2025-10-13 09:24:16');
INSERT INTO unread_counts VALUES(171,20,235,0,NULL,'2025-10-13 09:24:16');
INSERT INTO unread_counts VALUES(172,20,236,0,NULL,'2025-10-13 09:24:16');
INSERT INTO unread_counts VALUES(173,20,237,0,NULL,'2025-10-13 09:24:16');
INSERT INTO unread_counts VALUES(174,20,238,0,NULL,'2025-10-13 09:24:16');
INSERT INTO unread_counts VALUES(176,20,239,0,NULL,'2025-10-13 09:24:16');
INSERT INTO unread_counts VALUES(177,20,240,0,NULL,'2025-10-13 09:24:16');
INSERT INTO unread_counts VALUES(178,20,241,0,NULL,'2025-10-13 09:24:16');
INSERT INTO unread_counts VALUES(179,20,242,0,NULL,'2025-10-13 09:24:16');
INSERT INTO unread_counts VALUES(180,20,243,0,NULL,'2025-10-13 09:24:16');
INSERT INTO unread_counts VALUES(181,20,244,0,NULL,'2025-10-13 09:24:16');
INSERT INTO unread_counts VALUES(182,20,245,0,NULL,'2025-10-13 09:24:16');
INSERT INTO unread_counts VALUES(183,20,246,0,NULL,'2025-10-13 09:24:16');
INSERT INTO unread_counts VALUES(184,20,247,0,NULL,'2025-10-13 09:24:16');
INSERT INTO unread_counts VALUES(189,20,248,0,NULL,'2025-10-13 09:24:16');
INSERT INTO unread_counts VALUES(190,20,250,0,NULL,'2025-10-13 09:24:16');
INSERT INTO unread_counts VALUES(191,20,251,0,NULL,'2025-10-13 09:24:16');
INSERT INTO unread_counts VALUES(194,20,252,0,NULL,'2025-10-13 09:24:16');
INSERT INTO unread_counts VALUES(198,20,253,0,NULL,'2025-10-13 09:24:16');
INSERT INTO unread_counts VALUES(201,20,254,0,NULL,'2025-10-13 09:24:16');
INSERT INTO unread_counts VALUES(205,20,255,0,NULL,'2025-10-13 09:24:16');
INSERT INTO unread_counts VALUES(208,20,256,0,NULL,'2025-10-13 09:24:16');
INSERT INTO unread_counts VALUES(211,20,257,0,NULL,'2025-10-13 09:24:16');
INSERT INTO unread_counts VALUES(212,20,258,0,NULL,'2025-10-13 09:24:16');
INSERT INTO unread_counts VALUES(215,20,259,0,NULL,'2025-10-13 09:24:16');
INSERT INTO unread_counts VALUES(218,20,260,0,NULL,'2025-10-13 09:24:16');
INSERT INTO unread_counts VALUES(221,20,261,0,NULL,'2025-10-13 09:24:16');
INSERT INTO unread_counts VALUES(226,20,262,0,NULL,'2025-10-13 09:24:16');
INSERT INTO unread_counts VALUES(229,20,263,0,NULL,'2025-10-13 09:24:16');
INSERT INTO unread_counts VALUES(232,20,265,0,NULL,'2025-10-13 09:24:16');
INSERT INTO unread_counts VALUES(234,20,266,0,NULL,'2025-10-13 09:24:21');
CREATE TABLE online_status (
    id INTEGER PRIMARY KEY AUTOINCREMENT,
    user_type VARCHAR(10) NOT NULL,
    user_id INTEGER NOT NULL,
    shop_id INTEGER,
    websocket_id VARCHAR(100),
    last_ping_at DATETIME DEFAULT CURRENT_TIMESTAMP,
    status VARCHAR(20) DEFAULT 'online',
    FOREIGN KEY (shop_id) REFERENCES shops(id)
);
CREATE TABLE shop_staffs (
                            id INTEGER PRIMARY KEY AUTOINCREMENT,
                            shop_id INTEGER NOT NULL,
                            user_id INTEGER NOT NULL,
                            role VARCHAR(20) NOT NULL DEFAULT 'staff',
                            created_at DATETIME DEFAULT CURRENT_TIMESTAMP,
                            UNIQUE(shop_id, user_id),
                            FOREIGN KEY (shop_id) REFERENCES shops(id),
                            FOREIGN KEY (user_id) REFERENCES users(id)
                        );
INSERT INTO shop_staffs VALUES(2,21,17,'staff','2025-10-12 12:26:45');
INSERT INTO shop_staffs VALUES(3,21,16,'staff','2025-10-12 12:32:01');
INSERT INTO shop_staffs VALUES(4,20,15,'staff','2025-10-13 07:08:27');
INSERT INTO shop_staffs VALUES(5,20,16,'staff','2025-10-13 07:08:33');
INSERT INTO sqlite_sequence VALUES('users',18);
INSERT INTO sqlite_sequence VALUES('shops',21);
INSERT INTO sqlite_sequence VALUES('customers',266);
INSERT INTO sqlite_sequence VALUES('sessions',266);
INSERT INTO sqlite_sequence VALUES('messages',362);
INSERT INTO sqlite_sequence VALUES('unread_counts',235);
INSERT INTO sqlite_sequence VALUES('shop_staffs',5);
CREATE INDEX idx_shops_owner_id ON shops(owner_id);
CREATE INDEX idx_customers_shop_id ON customers(shop_id);
CREATE INDEX idx_sessions_shop_customer ON sessions(shop_id, customer_id);
CREATE INDEX idx_sessions_staff_id ON sessions(staff_id);
CREATE INDEX idx_messages_session_id ON messages(session_id);
CREATE INDEX idx_messages_created_at ON messages(created_at);
CREATE INDEX idx_unread_counts_shop_customer ON unread_counts(shop_id, customer_id);
CREATE INDEX idx_online_status_user ON online_status(user_type, user_id);
COMMIT;
